UID,Nada,Name,Nat,Caps,Club,,,Position,Preferred Foot,Age,Height,Weight,Salary,Expires,CA,PA,Apps,,Mins,Gls,Ast,xG,Gls/90,Asts/90,Conc,Shutouts,Sv %,xSv %,Pens Saved Ratio,FA,Fls,Yel,Red,Dist/90,K Tck/90,K Hdrs/90,Blk/90,Clr/90,Int/90,Hdr %,Tck R,Gl Mst,Pas %,Pr passes/90,K Ps/90,Cr C/90,Cr C/A,Ch C/90,Drb/90,Poss Lost/90,Shot %,Conv %,No.,Based
85139014,Kylian Mbappé - French,Kylian Mbappé,FRA,76,Paris Saint-Germain - Ligue 1 Uber Eats,Paris Saint-Germain,Ligue 1 Uber Eats,"AM (RL), ST (C)",Right,25,"1,78 m",73 kg,€48.467.000 p/a,30/6/2028,191,197,38 (1),1,3.185,23,13,"19,22","0,65","0,37",-,-,-,-,-,62,34,2,0,"12,7km","0,03","0,00","0,57","0,45","1,58",25%,79%,0,85%,"2,40","1,38","0,71",20%,"0,42","3,62","3,33",46%,13%,7,France (Ligue 1)
19302146,Vinícius Júnior - Brazilian,Vinícius Júnior,BRA,29,Real Madrid - LALIGA EA SPORTS,Real Madrid,LALIGA EA SPORTS,"M (L), AM (RL)",Right,23,"1,77 m",73 kg,€20.743.000 p/a,30/6/2027,184,184,45,0,3.847,23,6,"16,91","0,54","0,14",-,-,-,-,-,56,61,5,0,"12,4km","0,02","0,07","0,28","0,63","1,64",38%,85%,0,85%,"2,99","1,64","0,37",13%,"0,30","3,65","5,36",42%,16%,7,Spain (LaLiga)
18004457,Kevin De Bruyne - Belgian,Kevin De Bruyne,BEL,106,Man City - Premier League,Man City,Premier League,"M (RLC), AM (C)",Right,32,"1,81 m",68 kg,€20.619.000 p/a,30/6/2025,189,190,49,0,4.13,13,15,"10,16","0,28","0,33",-,-,-,-,-,47,23,2,0,"12,4km","0,04","0,02","0,28","0,68","1,68",34%,75%,0,86%,"3,90","3,27","0,85",22%,"0,70","1,70","3,97",40%,15%,17,England (Premier League)
7458500,Lionel Messi - Argentinian,Lionel Messi,ARG,183,Inter Miami - Major League Soccer,Inter Miami,Major League Soccer,"M (C), AM (RC), ST (C)",Left,36,"1,69 m",67 kg,€19.416.000 p/a,31/12/2025,174,200,22 (4),4,1.673,9,8,"9,79","0,48","0,43",-,-,-,-,-,45,16,1,0,"12,4km","0,05","0,11","0,16","0,65","1,61",25%,88%,0,84%,"3,55","3,50","2,21",18%,"0,86","4,20","3,60",50%,11%,10,U.S.A. (MLS)
29179241,Erling Haaland - Norwegian,Erling Haaland,NOR,32,Man City - Premier League,Man City,Premier League,ST (C),Left,23,"1,95 m",93 kg,€30.957.000 p/a,30/6/2029,194,195,51,0,3.748,32,6,"24,22","0,77","0,14",-,-,-,-,-,124,56,1,0,"11,9km","0,02","0,14","0,12","0,34","0,89",50%,69%,0,85%,"0,86","0,82","0,10",20%,"0,22","1,39","4,25",55%,18%,9,England (Premier League)
98028755,Mohamed Salah - Egyptian,Mohamed Salah,EGY,99,Liverpool - Premier League,Liverpool,Premier League,"AM (RLC), ST (C)",Left,31,"1,75 m",72 kg,€21.760.000 p/a,30/6/2026,181,187,43,0,3.624,17,3,"19,47","0,42","0,07",-,-,-,-,-,59,48,0,0,"12,8km","0,02","0,05","0,27","0,45","1,86",40%,80%,0,84%,"3,08","1,61","0,52",18%,"0,20","4,32","7,50",43%,11%,11,England (Premier League)
55041632,Bernardo Silva - Portuguese,Bernardo Silva,POR,89,Man City - Premier League,Man City,Premier League,"D (L), M/AM (RC), ST (C)",Left,29,"1,73 m",64 kg,€32.251.000 p/a,30/6/2027,179,180,47,0,3.97,21,18,"12,17","0,48","0,41",-,-,-,-,-,58,56,1,0,"13,2km","0,02","0,07","0,23","0,59","1,65",22%,89%,0,85%,"3,56","2,04","0,61",16%,"0,50","4,06","9,84",48%,21%,20,England (Premier League)
67217524,Rodri - Spanish,Rodri,ESP,52,Man City - Premier League,Man City,Premier League,"D (C), DM, M (C)",Right,27,"1,91 m",75 kg,€19.121.000 p/a,30/6/2028,177,177,55,0,4.525,0,16,"4,39",-,"0,32",-,-,-,-,-,24,55,6,0,"13,4km","0,08","0,54","0,30","0,70","1,59",59%,84%,0,90%,"5,33","1,39","0,12",18%,"0,42","0,56","3,32",20%,-,16,England (Premier League)
28108494,Phil Foden - English,Phil Foden,ENG,32,Man City - Premier League,Man City,Premier League,"M (C), AM (RLC)",Left,24,"1,71 m",64 kg,€17.648.000 p/a,30/6/2028,171,180,53 (1),1,4.23,18,14,"19,20","0,38","0,30",-,-,-,-,-,68,44,1,0,"12,2km","0,00","0,02","0,36","0,40","2,00",23%,85%,0,85%,"3,04","1,70","0,62",24%,"0,45","3,83","13,64",34%,11%,47,England (Premier League)
719601,Robert Lewandowski - Polish,Robert Lewandowski,POL,149,Barcelona - LALIGA EA SPORTS,Barcelona,LALIGA EA SPORTS,"AM (C), ST (C)",Right,35,"1,85 m",80 kg,€17.951.000 p/a,30/6/2025,177,190,48,0,4.211,37,6,"22,99","0,79","0,13",-,-,-,-,-,119,57,0,0,"11,6km","0,00","0,04","0,15","0,38","0,98",57%,70%,0,86%,"0,92","1,30","0,04",10%,"0,32","1,03","9,28",56%,19%,9,Spain (LaLiga)
55057659,Ederson - Brazilian,Ederson,BRA,25,Man City - Premier League,Man City,Premier League,GK,Left,30,"1,88 m",86 kg,€18.756.000 p/a,30/6/2028,180,180,51,0,4.531,0,0,"0,00",-,-,33,26,78%,89%,-,17,0,0,0,"6,3km","0,00","0,00",-,"1,05","0,02",-,-,1,91%,"0,00",-,-,-,-,-,"1,43",-,-,31,England (Premier League)
28049320,Harry Kane - English,Harry Kane,ENG,91,Bayern München - Bundesliga,Bayern München,Bundesliga,"AM (C), ST (C)",Either,30,"1,88 m",85 kg,€21.940.000 p/a,30/6/2027,184,185,43,0,3.48,18,11,"16,36","0,47","0,28",-,-,-,-,-,87,48,3,0,"12,0km","0,00","0,23","0,13","0,41","1,19",43%,83%,0,87%,"0,70","0,75","0,05",22%,"0,54","1,24","5,46",56%,12%,9,Germany (Bundesliga)
55070299,Rúben Dias - Portuguese,Rúben Dias,POR,55,Man City - Premier League,Man City,Premier League,D (C),Right,27,"1,86 m",83 kg,€18.462.000 p/a,30/6/2028,174,177,56,0,5.04,1,0,"2,25","0,02",-,-,-,-,-,-,15,49,17,0,"11,5km","0,29","0,79","0,54","0,80","2,21",70%,76%,0,94%,"4,41","0,32","0,07",36%,"0,07","0,20","1,45",17%,4%,3,England (Premier League)
85140178,Ousmane Dembélé - French,Ousmane Dembélé,FRA,42,Paris Saint-Germain - Ligue 1 Uber Eats,Paris Saint-Germain,Ligue 1 Uber Eats,M/AM (RL),Either,27,"1,78 m",67 kg,€8.416.000 p/a,30/6/2028,167,176,41 (1),1,2.643,9,10,"6,23","0,31","0,34",-,-,-,-,-,36,24,0,0,"12,6km","0,03","0,07","0,24","0,75","2,18",19%,85%,0,87%,"2,96","2,18","0,78",20%,"0,24","3,98","13,11",59%,14%,12,France (Ligue 1)
37024025,Virgil van Dijk - Dutch,Virgil van Dijk,NED,65,Liverpool - Premier League,Liverpool,Premier League,D (C),Right,32,"1,93 m",90 kg,€14.555.000 p/a,30/6/2025,176,183,52,0,4.7,2,4,"3,22","0,04","0,08",-,-,-,-,-,23,38,11,0,"11,7km","0,34","0,65","0,44","0,96","1,93",72%,79%,0,93%,"4,08","0,42","0,00",-,-,"0,31","1,07",11%,7%,4,England (Premier League)
29232937,Jude Bellingham - English,Jude Bellingham,ENG,28,Real Madrid - LALIGA EA SPORTS,Real Madrid,LALIGA EA SPORTS,"DM, M/AM (C)",Right,20,"1,86 m",75 kg,€20.743.000 p/a,30/6/2029,183,188,44,0,3.654,15,22,"9,98","0,37","0,54",-,-,-,-,-,33,63,5,1,"12,8km","0,02","0,27","0,22","0,37","1,70",46%,88%,0,87%,"3,99","1,92","0,25",20%,"0,81","1,63","6,33",46%,18%,5,Spain (LaLiga)
19024412,Neymar - Brazilian,Neymar,BRA,128,Al-Hilal (KSA) - Roshn Saudi League,Al-Hilal (KSA),Roshn Saudi League,"M (L), AM (LC), ST (C)",Right,32,"1,75 m",67 kg,€30.764.000 p/a,30/6/2025,170,190,42 (2),2,3.776,22,23,"18,99","0,52","0,55",-,-,-,-,-,50,64,3,0,"3,7km","0,00","0,00","0,02","0,07","0,45",12%,77%,0,70%,"0,72","0,98","0,48",8%,"0,19","0,38","1,64",51%,16%,10,Saudi Arabia (Saudi Pro League)
48043873,Randal Kolo Muani - French,Randal Kolo Muani,FRA,15,Paris Saint-Germain - Ligue 1 Uber Eats,Paris Saint-Germain,Ligue 1 Uber Eats,"AM (RL), ST (C)",Right,25,"1,87 m",73 kg,€10.471.000 p/a,30/6/2028,163,163,38 (1),1,3.029,21,10,"13,19","0,62","0,30",-,-,-,-,-,95,33,0,0,"12,1km","0,03","0,06","0,09","0,42","0,89",41%,70%,0,83%,"1,13","1,13","0,06",13%,"0,30","1,34","15,66",48%,18%,10,France (Ligue 1)
89063073,Kim Min-Jae - South Korean,Kim Min-Jae,KOR,65,Bayern München - Bundesliga,Bayern München,Bundesliga,D (C),Right,27,"1,90 m",86 kg,€4.239.000 p/a,30/6/2028,162,165,42,0,3.725,2,3,"2,22","0,05","0,07",-,-,-,-,-,13,25,3,0,"11,6km","0,27","0,92","0,43","0,82","1,72",78%,72%,0,94%,"4,74","0,31","0,02",12%,"0,07","0,24","2,27",16%,11%,5,Germany (Bundesliga)
91138280,Leroy Sané - German,Leroy Sané,GER,58,Bayern München - Bundesliga,Bayern München,Bundesliga,"M (RL), AM (RLC)",Left,28,"1,83 m",80 kg,€16.953.000 p/a,30/6/2027,170,172,41,0,2.926,8,6,"10,13","0,25","0,18",-,-,-,-,-,47,39,0,0,"13,1km","0,00","0,03","0,22","0,49","1,57",32%,87%,0,87%,"3,23","2,49","0,74",17%,"0,18","3,72","12,46",45%,9%,10,Germany (Bundesliga)
28122642,Bukayo Saka - English,Bukayo Saka,ENG,35,Arsenal - Premier League,Arsenal,Premier League,AM (RL),Left,22,"1,78 m",69 kg,€15.161.000 p/a,30/6/2027,183,186,43,0,3.659,16,6,"15,26","0,39","0,15",-,-,-,-,-,63,57,3,0,"12,8km","0,05","0,05","0,22","0,44","1,55",34%,87%,0,85%,"3,30","1,72","0,25",13%,"0,49","4,03","9,79",40%,11%,7,England (Premier League)
92039023,Joshua Kimmich - German,Joshua Kimmich,GER,86,Bayern München - Bundesliga,Bayern München,Bundesliga,"D/WB (R), DM, M (C)",Right,29,"1,77 m",75 kg,€17.452.000 p/a,30/6/2026,180,183,41,0,3.469,3,10,"2,16","0,08","0,26",-,-,-,-,-,29,62,4,0,"13,3km","0,13","0,10","0,44","0,67","2,10",41%,80%,0,90%,"6,12","1,35","0,80",18%,"0,78","0,78","2,83",25%,11%,6,Germany (Bundesliga)
83111483,Rafael Leão - Portuguese,Rafael Leão,POR,27,Milan - Serie A TIM,Milan,Serie A TIM,"AM (L), ST (C)",Right,24,"1,88 m",81 kg,€8.923.000 p/a,30/6/2028,173,176,43 (4),4,3.131,10,4,"13,30","0,29","0,11",-,-,-,-,-,73,29,0,0,"12,4km","0,03","0,06","0,34","0,98","1,55",42%,93%,0,86%,"2,39","1,47","0,34",11%,"0,29","3,65","9,83",46%,9%,10,Italy (Serie A)
43252073,Gianluigi Donnarumma - Italian,Gianluigi Donnarumma,ITA,61,Paris Saint-Germain - Ligue 1 Uber Eats,Paris Saint-Germain,Ligue 1 Uber Eats,GK,Right Only,25,"1,96 m",90 kg,€14.073.000 p/a,30/6/2028,169,169,43,0,3.9,0,0,"0,00",-,-,20,29,85%,89%,50%,20,0,0,0,"6,4km","0,00","0,00",-,"1,04",-,-,50%,2,75%,"0,00",-,-,-,-,-,"6,92",-,-,99,France (Ligue 1)
86078360,Moisés Caicedo - Ecuadorian,Moisés Caicedo,ECU,37,Chelsea - Premier League,Chelsea,Premier League,"DM, M (C)",Right,22,"1,78 m",73 kg,€8.490.000 p/a,30/6/2031,162,185,13 (1),1,1.081,1,1,"2,19","0,08","0,08",-,-,-,-,-,7,12,0,0,"13,4km","0,08","0,17","1,08","0,58","1,42",39%,74%,0,90%,"4,50","0,75","0,08",33%,"0,08","1,33","8,99",15%,8%,20,England (Premier League)
78074594,Federico Valverde - Uruguayan,Federico Valverde,URU,57,Real Madrid - LALIGA EA SPORTS,Real Madrid,LALIGA EA SPORTS,"DM, M (RC), AM (R)",Right,25,"1,81 m",74 kg,€17.563.000 p/a,30/6/2029,168,175,46,0,3.759,10,4,"8,10","0,24","0,10",-,-,-,-,-,39,44,2,0,"13,2km","0,02","0,02","0,19","0,62","1,72",34%,78%,0,83%,"2,92","1,70","0,38",15%,"0,36","3,21","12,95",49%,14%,15,Spain (LaLiga)
53095137,Martin Ødegaard - Norwegian,Martin Ødegaard,NOR,60,Arsenal - Premier League,Arsenal,Premier League,M/AM (C),Left,25,"1,78 m",68 kg,€13.645.000 p/a,30/6/2028,179,180,45 (1),1,3.538,7,16,"8,92","0,18","0,41",-,-,-,-,-,32,22,1,0,"12,6km","0,15","0,10","0,23","0,56","1,42",27%,76%,0,87%,"4,15","3,38","1,63",26%,"0,69","1,65","7,07",47%,8%,8,England (Premier League)
14110660,Lautaro Martínez - Argentinian,Lautaro Martínez,ARG,55,Inter - Serie A TIM,Inter,Serie A TIM,ST (C),Right,26,"1,74 m",72 kg,€11.423.000 p/a,30/6/2028,172,177,42 (6),6,3.701,29,5,"26,19","0,71","0,12",-,-,-,-,-,101,76,6,1,"12,5km","0,00","0,00","0,12","0,32","0,83",42%,71%,0,86%,"0,75","0,51","0,07",15%,"0,24","1,46","11,58",52%,12%,10,Italy (Serie A)
19058734,Alisson - Brazilian,Alisson,BRA,63,Liverpool - Premier League,Liverpool,Premier League,GK,Right,31,"1,91 m",91 kg,€13.645.000 p/a,30/6/2027,177,180,49,0,4.262,0,0,"0,00",-,-,42,21,71%,89%,0%,42,0,0,0,"6,7km","0,00","0,00",-,"0,84",-,-,0%,0,88%,"0,00",-,-,-,-,-,"3,84",-,-,1,England (Premier League)
18026122,Thibaut Courtois - Belgian,Thibaut Courtois,BEL,103,Real Madrid - LALIGA EA SPORTS,Real Madrid,LALIGA EA SPORTS,GK,Left,32,"1,99 m",96 kg,€15.394.000 p/a,30/6/2026,179,181,4,0,360,0,0,"0,00",-,-,1,3,88%,80%,-,1,0,0,0,"7,2km","0,00","0,00",-,"1,00",-,-,-,0,64%,"0,00",-,-,-,-,-,"3,75",-,-,1,Spain (LaLiga)
67293495,Pedri - Spanish,Pedri,ESP,20,Barcelona - LALIGA EA SPORTS,Barcelona,LALIGA EA SPORTS,"M (C), AM (RLC)",Right,21,"1,74 m",65 kg,€8.940.000 p/a,30/6/2028,168,176,53,0,4.458,13,12,"10,96","0,26","0,24",-,-,-,-,-,43,25,0,0,"13,0km","0,02","0,02","0,16","0,32","1,21",14%,78%,0,86%,"2,77","1,70","0,16",14%,"0,61","2,12","10,42",39%,11%,8,Spain (LaLiga)
28054109,Raheem Sterling - English,Raheem Sterling,ENG,89,Chelsea - Premier League,Chelsea,Premier League,M/AM (RL),Right,29,"1,72 m",70 kg,€21.225.000 p/a,30/6/2027,161,180,36,0,3.112,13,4,"10,59","0,38","0,12",-,-,-,-,-,59,33,0,0,"13,3km","0,00","0,00","0,20","0,69","2,00",46%,81%,0,85%,"2,75","1,36","0,38",12%,"0,23","3,96","12,58",40%,13%,7,England (Premier League)
28009441,Kyle Walker - English,Kyle Walker,ENG,78,Man City - Premier League,Man City,Premier League,D/WB (R),Right,34,"1,78 m",83 kg,€10.916.000 p/a,30/6/2026,158,164,53,0,4.787,2,5,"1,88","0,04","0,09",-,-,-,-,-,61,55,4,0,"12,9km","0,11","0,23","0,79","0,81","2,39",66%,74%,0,92%,"8,05","0,70","0,15",11%,"0,11","2,12","15,08",22%,11%,2,England (Premier League)
49056243,Eduardo Camavinga - French,Eduardo Camavinga,FRA,16,Real Madrid - LALIGA EA SPORTS,Real Madrid,LALIGA EA SPORTS,"D (L), DM, M (C)",Left,21,"1,82 m",68 kg,€15.433.000 p/a,30/6/2028,178,180,48,0,3.949,8,10,"8,62","0,18","0,23",-,-,-,-,-,39,48,4,0,"12,7km","0,05","0,36","0,32","0,39","1,85",56%,82%,0,87%,"4,08","1,19","0,14",13%,"0,16","1,60","7,89",38%,12%,12,Spain (LaLiga)
19220266,Gabriel Jesus - Brazilian,Gabriel Jesus,BRA,64,Arsenal - Premier League,Arsenal,Premier League,"AM (RL), ST (C)",Right,27,"1,75 m",73 kg,€12.936.000 p/a,30/6/2028,169,175,45 (1),1,3.531,20,6,"12,33","0,51","0,15",-,-,-,-,-,97,54,3,0,"12,0km","0,00","0,03","0,05","0,41","0,82",32%,74%,0,86%,"1,10","0,89","0,18",46%,"0,31","1,58","14,53",56%,18%,9,England (Premier League)
67228634,Achraf Hakimi - Moroccan,Achraf Hakimi,MAR,73,Paris Saint-Germain - Ligue 1 Uber Eats,Paris Saint-Germain,Ligue 1 Uber Eats,D/WB/M (R),Right,25,"1,81 m",73 kg,€12.505.000 p/a,30/6/2028,168,168,41,0,3.705,2,5,"2,93","0,05","0,12",-,-,-,-,-,54,38,2,0,"13,1km","0,12","0,17","0,68","0,97","2,99",55%,79%,0,91%,"7,89","0,75","0,19",15%,"0,15","1,87","10,96",27%,5%,2,France (Ligue 1)
67201634,André Onana - Cameroonian,André Onana,CMR,35,Man Utd - Premier League,Man Utd,Premier League,GK,Right,28,"1,90 m",91 kg,€6.671.000 p/a,30/6/2028,160,160,51,0,4.578,0,0,"0,00",-,-,53,15,73%,88%,17%,24,2,2,0,"6,4km","0,00","0,00",-,"1,89",-,-,17%,0,91%,"0,00",-,-,-,-,-,"8,24",-,-,24,England (Premier League)
85120944,Benjamin Pavard - French,Benjamin Pavard,FRA,54,Inter - Serie A TIM,Inter,Serie A TIM,D (RC),Right,28,"1,86 m",75 kg,€7.592.000 p/a,30/6/2028,155,160,37,0,3.183,1,5,"2,63","0,03","0,14",-,-,-,-,-,20,30,4,0,"11,5km","0,34","1,05","0,20","0,57","1,58",64%,77%,0,93%,"4,89","0,34","0,03",16%,"0,17","0,34","2,54",32%,4%,24,Italy (Serie A)
19163495,Marquinhos - Brazilian,Marquinhos,BRA,84,Paris Saint-Germain - Ligue 1 Uber Eats,Paris Saint-Germain,Ligue 1 Uber Eats,"D (RC), DM",Right,30,"1,83 m",75 kg,€14.360.000 p/a,30/6/2028,164,165,45,0,3.912,2,4,"1,70","0,05","0,09",-,-,-,-,-,30,31,4,1,"11,9km","0,23","0,71","0,39","0,92","1,91",68%,72%,0,94%,"5,13","0,37","0,00",-,"0,09","0,64","3,06",35%,12%,5,France (Ligue 1)
37055843,Matthijs de Ligt - Dutch,Matthijs de Ligt,NED,48,Bayern München - Bundesliga,Bayern München,Bundesliga,"D (C), DM",Right,24,"1,89 m",87 kg,€15.956.000 p/a,30/6/2027,170,173,39,0,3.325,1,1,"2,86","0,03","0,03",-,-,-,-,-,11,24,1,0,"11,1km","0,24","0,87","0,27","0,68","1,54",72%,83%,0,94%,"4,38","0,16","0,00",-,"0,11","0,27","2,49",4%,4%,4,Germany (Bundesliga)
43139595,Nicolò Barella - Italian,Nicolò Barella,ITA,54,Inter - Serie A TIM,Inter,Serie A TIM,"DM, M (C)",Right,27,"1,72 m",68 kg,€9.260.000 p/a,30/6/2028,162,169,43 (4),4,3.544,3,7,"5,35","0,08","0,18",-,-,-,-,-,34,63,7,0,"12,9km","0,00","0,03","0,23","0,46","1,42",21%,84%,0,89%,"4,16","1,83","0,15",11%,"0,56","1,22","10,03",34%,7%,23,Italy (Serie A)
13158205,Victor Osimhen - Nigerian,Victor Osimhen,NGA,34,Napoli - Serie A TIM,Napoli,Serie A TIM,ST (C),Right,25,"1,85 m",78 kg,€6.864.000 p/a,30/6/2025,170,175,33 (3),3,2.565,18,3,"16,08","0,63","0,11",-,-,-,-,-,83,53,4,0,"11,5km","0,04","0,00","0,14","0,25","0,81",51%,73%,0,86%,"0,74","0,56","0,00",-,"0,11","1,54","12,67",47%,14%,9,Italy (Serie A)
67086656,Antoine Griezmann - French,Antoine Griezmann,FRA,127,Atlético de Madrid - LALIGA EA SPORTS,Atlético de Madrid,LALIGA EA SPORTS,"AM (RLC), ST (C)",Left,33,"1,75 m",69 kg,€13.962.000 p/a,30/6/2026,166,180,45,0,3.688,22,4,"18,32","0,54","0,10",-,-,-,-,-,112,42,1,0,"11,8km","0,00","0,07","0,20","0,39","1,07",23%,75%,0,86%,"1,10","1,66","0,27",37%,"0,22","1,78","12,76",54%,13%,7,Spain (LaLiga)
28060397,John Stones - English,John Stones,ENG,71,Man City - Premier League,Man City,Premier League,"D (RC), DM",Right,30,"1,88 m",72 kg,€12.129.000 p/a,30/6/2026,165,170,30 (6),6,2.726,0,1,"1,70",-,"0,03",-,-,-,-,-,15,27,3,0,"12,4km","0,23","0,83","0,40","0,56","1,32",70%,76%,0,94%,"5,58","0,23","0,10",25%,"0,20","0,76","3,47",5%,-,5,England (Premier League)
91003875,İlkay Gündoğan - German,İlkay Gündoğan,GER,69,Barcelona - LALIGA EA SPORTS,Barcelona,LALIGA EA SPORTS,"DM, M/AM (C)",Right,33,"1,80 m",80 kg,€9.100.000 p/a,30/6/2025,166,167,24 (21),21,2.447,6,12,"3,47","0,22","0,44",-,-,-,-,-,22,32,1,0,"12,5km","0,04","0,15","0,55","0,63","1,51",30%,81%,0,89%,"5,81","2,61","0,07",16%,"0,40","0,99","3,60",45%,19%,22,Spain (LaLiga)
28100266,Marcus Rashford - English,Marcus Rashford,ENG,59,Man Utd - Premier League,Man Utd,Premier League,"M/AM (L), ST (C)",Right,26,"1,83 m",70 kg,€18.193.000 p/a,30/6/2028,172,173,45,0,3.729,20,8,"13,83","0,48","0,19",-,-,-,-,-,59,68,0,0,"12,6km","0,05","0,05","0,31","0,56","1,93",43%,87%,0,84%,"2,22","1,23","0,27",10%,"0,31","3,38","12,41",46%,19%,10,England (Premier League)
43124203,Bruno Fernandes - Portuguese,Bruno Fernandes,POR,66,Man Utd - Premier League,Man Utd,Premier League,"M (C), AM (RC)",Right,29,"1,79 m",69 kg,€15.161.000 p/a,30/6/2026,172,174,42,0,3.534,2,16,"7,07","0,05","0,41",-,-,-,-,-,39,48,6,0,"12,6km","0,03","0,05","0,53","0,92","1,32",39%,85%,0,89%,"4,25","3,13","0,92",16%,"0,66","0,97","8,68",46%,4%,8,England (Premier League)
35017428,Marc-André ter Stegen - German,Marc-André ter Stegen,GER,38,Barcelona - LALIGA EA SPORTS,Barcelona,LALIGA EA SPORTS,GK,Right,32,"1,87 m",85 kg,€7.779.000 p/a,30/6/2028,174,183,47,0,3.898,0,0,"0,00",-,-,30,25,80%,89%,0%,17,0,0,0,"6,2km","0,00","0,00",-,"0,99",-,-,0%,2,88%,"0,00",-,-,-,-,-,"3,05",-,-,1,Spain (LaLiga)
85104424,Kingsley Coman - French,Kingsley Coman,FRA,54,Bayern München - Bundesliga,Bayern München,Bundesliga,M/AM (RL),Right,27,"1,79 m",75 kg,€14.959.000 p/a,30/6/2027,162,170,29 (4),4,2.089,10,5,"8,25","0,43","0,22",-,-,-,-,-,22,31,1,0,"12,6km","0,04","0,04","0,22","0,65","1,68",25%,82%,0,83%,"2,80","1,64","0,47",16%,"0,43","4,01","15,68",42%,18%,11,Germany (Bundesliga)
92020288,Heung-Min Son - South Korean,Heung-Min Son,KOR,125,Tottenham - Premier League,Tottenham,Premier League,"M/AM (L), ST (C)",Either,31,"1,83 m",77 kg,€16.551.000 p/a,30/6/2026,170,173,32 (2),2,2.711,16,2,"11,07","0,53","0,07",-,-,-,-,-,74,31,0,0,"12,4km","0,00","0,07","0,07","0,30","0,96",21%,92%,0,85%,"0,60","0,56","0,33",31%,"0,13","1,29","10,69",53%,15%,7,England (Premier League)
8718372,Manuel Neuer - German,Manuel Neuer,GER,118,Bayern München - Bundesliga,Bayern München,Bundesliga,GK,Right,38,"1,93 m",91 kg,€10.172.000 p/a,30/6/2025,152,193,35,0,2.866,0,0,"0,00",-,-,21,20,75%,89%,0%,33,0,0,0,"6,1km","0,00","0,00",-,"0,82",-,-,0%,1,89%,"0,00",-,-,-,-,-,"6,69",-,-,1,Germany (Bundesliga)
19351309,Gabriel Martinelli - Brazilian,Gabriel Martinelli,BRA,11,Arsenal - Premier League,Arsenal,Premier League,"AM (RL), ST (C)",Right,22,"1,80 m",72 kg,€13.735.000 p/a,30/6/2029,173,180,44 (1),1,3.493,18,9,"12,85","0,46","0,23",-,-,-,-,-,47,65,0,0,"12,7km","0,00","0,05","0,36","0,62","1,47",46%,82%,0,83%,"2,47","1,26","0,59",18%,"0,44","3,71","15,23",35%,16%,11,England (Premier League)
28124579,Jamal Musiala - German,Jamal Musiala,GER,30,Bayern München - Bundesliga,Bayern München,Bundesliga,"M (C), AM (RLC)",Right,21,"1,84 m",72 kg,€10.629.000 p/a,30/6/2028,168,185,24 (10),10,1.921,9,3,"7,46","0,42","0,14",-,-,-,-,-,18,14,0,0,"13,1km","0,00","0,05","0,14","0,33","1,22",24%,88%,0,85%,"2,39","1,55","0,05",4%,"0,33","1,87","13,49",51%,15%,42,Germany (Bundesliga)
16010162,David Alaba - Austrian,David Alaba,AUT,106,Real Madrid - LALIGA EA SPORTS,Real Madrid,LALIGA EA SPORTS,"D (LC), WB (L), M (C)",Left,31,"1,80 m",78 kg,€22.438.000 p/a,30/6/2026,165,174,52,0,4.591,1,8,"2,00","0,02","0,16",-,-,-,-,-,44,40,5,0,"12,2km","0,25","0,51","0,51","0,98","2,20",70%,87%,0,93%,"5,88","1,51","0,04",7%,"0,16","0,84","5,16",22%,6%,4,Spain (LaLiga)
64016316,Jan Oblak - Slovenian,Jan Oblak,SVN,63,Atlético de Madrid - LALIGA EA SPORTS,Atlético de Madrid,LALIGA EA SPORTS,GK,Right,31,"1,89 m",84 kg,€18.518.000 p/a,30/6/2028,171,178,45,0,3.997,0,0,"0,00",-,-,41,20,74%,86%,38%,35,0,0,0,"6,3km","0,00","0,00",-,"0,77",-,-,38%,0,89%,"0,00",-,-,-,-,-,"5,70",-,-,13,Spain (LaLiga)
18007344,Romelu Lukaku - Belgian,Romelu Lukaku,BEL,116,Roma - Serie A TIM,Roma,Serie A TIM,ST (C),Left,31,"1,91 m",93 kg,€12.129.000 p/a,30/6/2025,160,170,43 (1),1,3.419,26,1,"15,51","0,68","0,03",-,-,-,-,-,114,61,0,1,"12,0km","0,00","0,11","0,13","0,34","1,05",51%,83%,0,87%,"0,66","0,42","0,11",23%,"0,05","1,16","13,42",56%,17%,16,Italy (Serie A)
85075627,Raphaël Varane - French,Raphaël Varane,FRA,93,Man Utd - Premier League,Man Utd,Premier League,D (C),Right,31,"1,91 m",81 kg,€21.225.000 p/a,30/6/2026,162,172,43,0,3.625,0,1,"1,31",-,"0,02",-,-,-,-,-,13,19,2,0,"11,7km","0,17","0,74","0,40","0,77","1,64",76%,73%,0,94%,"4,00","0,25","0,05",66%,"0,05","0,07","1,76",13%,-,19,England (Premier League)
28106491,Declan Rice - English,Declan Rice,ENG,50,Arsenal - Premier League,Arsenal,Premier League,"D (C), DM, M (C)",Right,25,"1,85 m",80 kg,€15.161.000 p/a,30/6/2028,171,179,44,0,3.62,6,8,"5,39","0,15","0,20",-,-,-,-,-,37,45,9,1,"12,9km","0,02","0,37","0,20","0,42","1,22",55%,83%,0,86%,"3,85","1,79","0,20",17%,"0,20","0,85","7,26",46%,11%,31,England (Premier League)
76049803,Luis Díaz - Colombian,Luis Díaz,COL,47,Liverpool - Premier League,Liverpool,Premier League,AM (RL),Right,27,"1,80 m",70 kg,€16.934.000 p/a,30/6/2028,164,172,45,0,3.282,15,4,"13,69","0,41","0,11",-,-,-,-,-,60,64,2,0,"12,7km","0,00","0,11","0,19","0,36","1,45",38%,82%,0,85%,"2,08","1,29","0,38",11%,"0,49","3,70","17,44",38%,13%,7,England (Premier League)
48036304,Jules Koundé - French,Jules Koundé,FRA,25,Barcelona - LALIGA EA SPORTS,Barcelona,LALIGA EA SPORTS,"D (RC), WB (R)",Right,25,"1,78 m",70 kg,€9.500.000 p/a,30/6/2027,164,175,21 (9),9,2.169,3,4,"1,14","0,12","0,17",-,-,-,-,-,21,13,0,0,"12,5km","0,33","0,54","0,58","1,12","2,24",76%,75%,0,93%,"5,60","0,54","0,04",4%,"0,08","0,79","4,56",50%,38%,23,Spain (LaLiga)
37047745,Frenkie de Jong - Dutch,Frenkie de Jong,NED,59,Barcelona - LALIGA EA SPORTS,Barcelona,LALIGA EA SPORTS,"DM, M (C)",Right,27,"1,81 m",69 kg,€13.914.000 p/a,30/6/2028,175,181,51 (1),1,3.948,1,16,"2,61","0,02","0,36",-,-,-,-,-,42,50,1,0,"13,2km","0,02","0,23","0,50","0,64","1,62",48%,77%,0,90%,"5,88","1,05","0,11",23%,"0,23","0,89","3,33",30%,5%,21,Spain (LaLiga)
5788648,Dušan Tadić - Serbian,Dušan Tadić,SRB,105,Fenerbahçe - Spor Toto Süper Lig,Fenerbahçe,Spor Toto Süper Lig,"M (C), AM (RLC), ST (C)",Left,35,"1,81 m",76 kg,€5.250.000 p/a,30/6/2025,148,160,33 (19),19,3.015,15,9,"14,84","0,45","0,27",-,-,-,-,-,33,50,6,0,"12,4km","0,03","0,03","0,27","0,45","1,94",33%,81%,0,85%,"3,13","2,00","0,81",17%,"0,24","2,72","10,27",44%,12%,10,Türkiye (Spor Toto Süper Lig)
14000219,Ángel Di María - Argentinian,Ángel Di María,ARG,136,Benfica - Liga Portugal Betclic,Benfica,Liga Portugal Betclic,"M (R), AM (RLC), ST (C)",Left,36,"1,80 m",75 kg,€2.470.000 p/a,30/6/2024,150,174,32 (1),1,2.217,7,11,"8,37","0,28","0,45",-,-,-,-,-,37,43,5,0,"13,0km","0,00","0,00","0,37","0,57","1,95",28%,78%,0,84%,"3,29","1,75","2,23",20%,"0,41","3,21","9,34",49%,11%,11,Portugal (Liga Portugal Betclic)
67296654,Alejandro Balde - Spanish,Alejandro Balde,ESP,10,Barcelona - LALIGA EA SPORTS,Barcelona,LALIGA EA SPORTS,D/WB/M/AM (L),Left,20,"1,75 m",69 kg,€7.479.000 p/a,30/6/2028,165,174,50,0,4.432,0,6,"0,97",-,"0,12",-,-,-,-,-,57,42,3,0,"12,4km","0,18","0,18","0,79","1,04","2,64",42%,85%,0,87%,"7,64","1,30","0,28",18%,"0,26","2,21","12,02",38%,-,3,Spain (LaLiga)
63013145,Milan Škriniar - Slovak,Milan Škriniar,SVK,67,Paris Saint-Germain - Ligue 1 Uber Eats,Paris Saint-Germain,Ligue 1 Uber Eats,D (C),Right,29,"1,88 m",82 kg,€5.560.000 p/a,30/6/2028,158,168,13 (4),4,1.254,0,2,"1,20",-,"0,14",-,-,-,-,-,7,19,4,1,"10,7km","0,14","1,29","0,22","1,15","1,94",82%,68%,0,92%,"4,02","0,22","0,07",50%,-,"0,29","1,94",29%,-,37,France (Ligue 1)
78085068,Ronald Araujo - Uruguayan,Ronald Araujo,URU,19,Barcelona - LALIGA EA SPORTS,Barcelona,LALIGA EA SPORTS,"D (RC), WB (R)",Right,25,"1,88 m",91 kg,€7.500.000 p/a,30/6/2028,170,176,51,0,4.119,3,3,"2,61","0,07","0,07",-,-,-,-,-,18,48,8,0,"11,5km","0,22","0,94","0,44","0,59","1,22",72%,71%,0,93%,"4,02","0,22","0,02",25%,"0,09","0,44","1,66",44%,19%,4,Spain (LaLiga)
8435089,Karim Benzema - French,Karim Benzema,FRA,97,Al-Ittihad - Roshn Saudi League,Al-Ittihad,Roshn Saudi League,"AM (C), ST (C)",Right,36,"1,85 m",82 kg,€199.452.000 p/a,30/6/2025,162,185,38 (2),2,3.359,16,13,"15,58","0,43","0,35",-,-,-,-,-,52,21,0,0,"2,0km","0,00","0,03","0,03","0,05","0,13",26%,74%,0,67%,"0,27","0,32","0,00",-,"0,08","0,21","1,50",55%,13%,9,Saudi Arabia (Saudi Pro League)
19306929,Rodrygo - Brazilian,Rodrygo,BRA,18,Real Madrid - LALIGA EA SPORTS,Real Madrid,LALIGA EA SPORTS,"AM (RL), ST (C)",Right,23,"1,74 m",64 kg,€12.000.000 p/a,30/6/2028,169,178,42 (2),2,3.215,21,3,"16,61","0,59","0,08",-,-,-,-,-,90,41,1,0,"12,2km","0,00","0,08","0,22","0,59","1,18",25%,76%,0,85%,"1,26","1,26","0,17",12%,"0,17","1,99","13,33",52%,14%,11,Spain (LaLiga)
35011448,Thomas Müller - German,Thomas Müller,GER,122,Bayern München - Bundesliga,Bayern München,Bundesliga,"M/AM (RC), ST (C)",Right,34,"1,85 m",75 kg,€10.370.000 p/a,30/6/2025,152,174,37 (3),3,3.061,6,8,"8,38","0,18","0,24",-,-,-,-,-,29,32,1,1,"13,3km","0,06","0,09","0,15","0,62","1,44",35%,76%,0,82%,"2,97","1,85","0,15",10%,"0,38","1,38","19,20",30%,8%,25,Germany (Bundesliga)
67197145,Lucas Hernández - French,Lucas Hernández,FRA,38,Paris Saint-Germain - Ligue 1 Uber Eats,Paris Saint-Germain,Ligue 1 Uber Eats,D (LC),Left,28,"1,84 m",79 kg,€15.956.000 p/a,30/6/2028,160,164,44,0,3.866,0,4,"0,48",-,"0,09",-,-,-,-,-,57,56,10,0,"13,2km","0,12","0,44","0,68","1,02","2,70",77%,81%,0,90%,"7,61","1,00","0,23",13%,"0,12","1,63","11,90",33%,-,21,France (Ligue 1)
28067800,Jack Grealish - English,Jack Grealish,ENG,35,Man City - Premier League,Man City,Premier League,M/AM (RLC),Right,28,"1,75 m",82 kg,€16.374.000 p/a,30/6/2027,163,175,24 (19),19,1.936,10,3,"9,14","0,46","0,14",-,-,-,-,-,24,24,3,0,"12,6km","0,00","0,05","0,23","0,60","2,18",28%,92%,0,86%,"2,56","1,30","0,65",25%,"0,37","3,21","14,88",36%,14%,10,England (Premier League)
19061518,Casemiro - Brazilian,Casemiro,BRA,76,Man Utd - Premier League,Man Utd,Premier League,"DM, M (C)",Right,32,"1,85 m",84 kg,€18.193.000 p/a,30/6/2026,159,170,44,0,3.4,2,6,"3,66","0,05","0,16",-,-,-,-,-,32,68,14,1,"13,1km","0,13","0,53","0,50","0,79","1,51",60%,86%,0,90%,"4,76","1,35","0,05",11%,"0,13","0,37","5,40",29%,7%,18,England (Premier League)
92074020,Christian Pulisic - American,Christian Pulisic,USA,68,Milan - Serie A TIM,Milan,Serie A TIM,AM (RLC),Right,25,"1,78 m",73 kg,€5.130.000 p/a,30/6/2027,153,160,39 (7),7,2.89,11,5,"8,48","0,34","0,16",-,-,-,-,-,34,28,0,0,"12,8km","0,06","0,00","0,31","0,53","1,49",9%,84%,0,85%,"2,65","1,43","1,37",16%,"0,28","3,11","15,23",46%,15%,11,Italy (Serie A)
43252460,Alessandro Bastoni - Italian,Alessandro Bastoni,ITA,26,Inter - Serie A TIM,Inter,Serie A TIM,D (C),Left,25,"1,90 m",75 kg,€10.190.000 p/a,30/6/2027,152,165,44,0,3.99,0,1,"0,56",-,"0,02",-,-,-,-,-,16,42,11,0,"11,7km","0,20","0,56","0,63","0,74","2,01",70%,80%,0,93%,"4,24","0,25","0,02",11%,"0,05","0,29","2,89",38%,-,95,Italy (Serie A)
67211695,Theo Hernández - French,Theo Hernández,FRA,21,Milan - Serie A TIM,Milan,Serie A TIM,D/WB/M (L),Left,26,"1,84 m",81 kg,€5.130.000 p/a,30/6/2026,158,167,45,0,4.017,2,10,"3,14","0,04","0,22",-,-,-,-,-,46,68,10,0,"13,0km","0,07","0,29","0,78","1,34","2,49",76%,76%,0,88%,"7,35","1,46","0,45",25%,"0,18","1,90","10,49",19%,7%,19,Italy (Serie A)
85081880,N'Golo Kanté - French,N'Golo Kanté,FRA,58,Al-Ittihad - Roshn Saudi League,Al-Ittihad,Roshn Saudi League,"DM, M/AM (C)",Right,33,"1,68 m",71 kg,€25.624.000 p/a,30/6/2026,160,170,46,0,4.138,6,11,"9,07","0,13","0,24",-,-,-,-,-,74,45,2,0,"3,5km","0,00","0,02","0,09","0,13","0,39",23%,86%,0,80%,"0,94","0,26","0,00",-,"0,13","0,39","2,26",38%,8%,7,Saudi Arabia (Saudi Pro League)
14183207,Julián Álvarez - Argentinian,Julián Álvarez,ARG,28,Man City - Premier League,Man City,Premier League,"AM (RLC), ST (C)",Right,24,"1,70 m",70 kg,€7.884.000 p/a,30/6/2028,154,162,12 (30),30,1.709,14,2,"8,30","0,74","0,11",-,-,-,-,-,41,19,1,1,"12,6km","0,00","0,05","0,32","0,11","0,95",19%,76%,0,85%,"0,74","0,53","0,79",11%,"0,32","1,26","20,54",60%,16%,19,England (Premier League)
7458272,Sergio Ramos - Spanish,Sergio Ramos,ESP,180,Sevilla - LALIGA EA SPORTS,Sevilla,LALIGA EA SPORTS,D (C),Right,38,"1,84 m",80 kg,€2.048.000 p/a,30/6/2026,147,174,40,0,3.387,2,0,"2,54","0,05",-,-,-,-,-,-,21,28,11,1,"11,1km","0,24","0,80","0,58","1,06","2,21",75%,80%,0,94%,"4,89","0,64","0,05",25%,"0,05","0,19","2,39",12%,8%,4,Spain (LaLiga)
67022040,Thiago - Spanish,Thiago,ESP,48,Liverpool - Premier League,Liverpool,Premier League,"DM, M (C)",Right,33,"1,74 m",70 kg,€11.094.000 p/a,30/6/2026,157,173,15 (22),22,1.438,2,1,"1,39","0,13","0,06",-,-,-,-,-,13,17,0,0,"12,9km","0,00","0,25","0,31","0,63","1,94",17%,73%,0,90%,"4,26","1,44","0,25",50%,"0,50","1,44","8,45",64%,18%,6,England (Premier League)
653054,Luka Modrić - Croatian,Luka Modrić,CRO,174,Real Madrid - LALIGA EA SPORTS,Real Madrid,LALIGA EA SPORTS,"DM, M/AM (C)",Right,38,"1,72 m",65 kg,€13.211.000 p/a,30/6/2025,155,180,28 (6),6,1.968,1,8,"0,43","0,05","0,37",-,-,-,-,-,18,23,1,0,"13,0km","0,00","0,18","0,23","0,69","1,46",24%,81%,1,89%,"5,08","1,88","0,23",19%,"0,50","0,59","4,71",20%,20%,10,Spain (LaLiga)
28066083,Serge Gnabry - German,Serge Gnabry,GER,48,Bayern München - Bundesliga,Bayern München,Bundesliga,"M/AM (RL), ST (C)",Right,28,"1,76 m",77 kg,€14.959.000 p/a,30/6/2026,156,165,11 (24),24,1.531,8,3,"5,73","0,47","0,18",-,-,-,-,-,27,18,0,0,"12,1km","0,00","0,00","0,18","0,71","1,35",39%,81%,0,83%,"1,65","1,23","0,59",20%,"0,06","2,76","16,11",52%,15%,7,Germany (Bundesliga)
14044150,Paulo Dybala - Argentinian,Paulo Dybala,ARG,41,Roma - Serie A TIM,Roma,Serie A TIM,"AM (RLC), ST (C)",Left,30,"1,77 m",78 kg,€8.330.000 p/a,30/6/2026,154,177,32 (2),2,1.967,11,3,"10,10","0,50","0,14",-,-,-,-,-,84,25,0,0,"11,4km","0,00","0,05","0,18","0,18","0,78",22%,70%,0,84%,"0,87","1,97","0,05",7%,"0,14","1,42","14,55",42%,14%,21,Italy (Serie A)
67046662,Mauro Icardi - Argentinian,Mauro Icardi,ARG,9,Galatasaray SK - Spor Toto Süper Lig,Galatasaray SK,Spor Toto Süper Lig,ST (C),Right,31,"1,81 m",75 kg,€7.500.000 p/a,30/6/2026,155,174,46 (3),3,3.782,25,6,"22,78","0,59","0,14",-,-,-,-,-,115,45,2,2,"11,8km","0,07","0,02","0,17","0,43","0,95",41%,82%,0,86%,"1,00","0,93","0,00",-,"0,31","0,62","13,25",51%,13%,9,Türkiye (Spor Toto Süper Lig)
67197125,Marco Asensio - Spanish,Marco Asensio,ESP,44,Paris Saint-Germain - Ligue 1 Uber Eats,Paris Saint-Germain,Ligue 1 Uber Eats,AM (RLC),Left,28,"1,82 m",76 kg,€7.123.000 p/a,30/6/2026,159,163,18 (23),23,2.004,12,4,"9,54","0,54","0,18",-,-,-,-,-,32,34,0,0,"13,4km","0,00","0,00","0,27","0,31","1,44",30%,87%,0,83%,"3,01","2,56","1,80",19%,"0,58","4,18","14,60",32%,13%,11,France (Ligue 1)
92023410,Antonio Rüdiger - German,Antonio Rüdiger,GER,63,Real Madrid - LALIGA EA SPORTS,Real Madrid,LALIGA EA SPORTS,D (C),Right,31,"1,90 m",85 kg,€14.460.000 p/a,30/6/2026,163,166,47 (1),1,3.933,1,3,"3,66","0,02","0,07",-,-,-,-,-,15,33,10,0,"11,5km","0,30","0,80","0,41","1,21","1,83",70%,80%,0,95%,"4,42","0,16","0,09",33%,"0,07","0,18","2,49",27%,4%,22,Spain (LaLiga)
62127037,Sergej Milinković-Savić - Serbian,Sergej Milinković-Savić,SRB,46,Al-Hilal (KSA) - Roshn Saudi League,Al-Hilal (KSA),Roshn Saudi League,"DM, M/AM (C)",Right,29,"1,91 m",81 kg,€15.646.000 p/a,30/6/2026,162,170,44 (1),1,4.035,5,11,"17,78","0,11","0,25",-,-,-,-,-,61,79,4,0,"3,6km","0,04","0,11","0,07","0,16","0,56",47%,80%,0,80%,"1,25","0,40","0,04",40%,"0,04","0,33","0,89",42%,4%,6,Saudi Arabia (Saudi Pro League)
19047778,Oscar - Brazilian,Oscar,BRA,48,Al-Ittihad - Roshn Saudi League,Al-Ittihad,Roshn Saudi League,"M (C), AM (RC)",Right,32,"1,81 m",71 kg,€41.872.000 p/a,30/6/2025,137,175,21,0,1.89,2,4,"5,20","0,10","0,19",-,-,-,-,-,23,26,0,0,"1,3km","0,00","0,00","0,05","0,05","0,14",33%,91%,0,74%,"0,10","0,05","0,00",-,-,"0,24","3,10",49%,4%,10,Saudi Arabia (Saudi Pro League)
67131771,Luis Alberto - Spanish,Luis Alberto,ESP,1,Lazio - Serie A TIM,Lazio,Serie A TIM,M/AM (C),Right,31,"1,83 m",74 kg,€4.630.000 p/a,30/6/2027,159,160,45 (3),3,3.624,4,15,"4,45","0,10","0,37",-,-,-,-,-,41,33,0,0,"12,6km","0,05","0,07","0,25","0,70","1,99",41%,81%,0,89%,"4,22","2,06","1,47",21%,"0,50","2,06","10,70",38%,8%,10,Italy (Serie A)
67047092,Koke - Spanish,Koke,ESP,73,Atlético de Madrid - LALIGA EA SPORTS,Atlético de Madrid,LALIGA EA SPORTS,"DM, M (RLC)",Right,32,"1,78 m",73 kg,€10.826.000 p/a,30/6/2025,158,162,45,0,3.794,1,8,"1,17","0,02","0,19",-,-,-,-,-,21,50,2,0,"13,2km","0,21","0,09","0,38","0,66","1,61",30%,76%,0,89%,"5,10","1,78","0,97",28%,"0,24","0,74","6,93",25%,6%,6,Spain (LaLiga)
37084591,Micky van de Ven - Dutch,Micky van de Ven,NED,4,Tottenham - Premier League,Tottenham,Premier League,"D (LC), WB (L)",Left,23,"1,93 m",81 kg,€6.064.000 p/a,30/6/2029,158,161,41,0,3.555,3,1,"2,29","0,08","0,03",-,-,-,-,-,25,20,3,1,"12,0km","0,35","0,63","0,76","1,11","1,95",77%,67%,0,92%,"5,27","0,38","0,05",16%,"0,03","0,30","3,14",33%,20%,6,England (Premier League)
43094553,Domenico Berardi - Italian,Domenico Berardi,ITA,32,Sassuolo - Serie A TIM,Sassuolo,Serie A TIM,M/AM (R),Left,29,"1,83 m",72 kg,€5.560.000 p/a,30/6/2027,152,155,36,0,2.808,12,13,"8,18","0,38","0,42",-,-,-,-,-,37,38,4,0,"12,1km","0,06","0,00","0,26","0,71","1,86",32%,84%,0,85%,"3,33","2,63","0,54",18%,"0,51","3,46","13,43",48%,15%,10,Italy (Serie A)
37025551,Nathan Aké - Dutch,Nathan Aké,NED,38,Man City - Premier League,Man City,Premier League,"D (LC), DM",Left,29,"1,80 m",75 kg,€10.006.000 p/a,30/6/2027,153,164,47 (1),1,4.002,1,2,"1,54","0,02","0,04",-,-,-,-,-,21,35,6,0,"12,3km","0,27","0,40","0,40","0,97","2,20",70%,86%,0,93%,"5,62","0,58","0,16",22%,"0,13","0,45","6,93",25%,8%,6,England (Premier League)
91107360,Niklas Süle - German,Niklas Süle,GER,51,Dortmund - Bundesliga,Dortmund,Bundesliga,D (RC),Right,28,"1,95 m",99 kg,€11.875.000 p/a,30/6/2027,154,159,42,0,3.531,1,3,"1,27","0,03","0,08",-,-,-,-,-,19,17,3,2,"11,4km","0,20","0,61","0,71","0,74","2,04",74%,86%,0,93%,"5,02","0,54","0,13",33%,"0,08","0,69","3,59",16%,5%,25,Germany (Bundesliga)
91104807,Leon Goretzka - German,Leon Goretzka,GER,57,Bayern München - Bundesliga,Bayern München,Bundesliga,"DM, M/AM (C)",Right,29,"1,89 m",82 kg,€13.962.000 p/a,30/6/2026,159,170,23 (11),11,1.948,0,1,"1,13",-,"0,05",-,-,-,-,-,14,28,3,0,"13,4km","0,00","0,65","0,46","0,79","1,89",77%,85%,0,91%,"5,36","0,88","0,14",37%,"0,23","1,06","6,42",22%,-,8,Germany (Bundesliga)
83169226,Diogo Costa - Portuguese,Diogo Costa,POR,22,Porto - Liga Portugal Betclic,Porto,Liga Portugal Betclic,GK,Right,24,"1,86 m",80 kg,€1.838.000 p/a,30/6/2027,163,174,33,0,2.903,0,0,"0,00",-,-,21,18,80%,89%,17%,15,0,0,0,"6,3km","0,00","0,00",-,"6,20",-,-,17%,0,92%,"0,00",-,-,-,-,-,"4,87",-,-,99,Portugal (Liga Portugal Betclic)
69000199,Yann Sommer - Swiss,Yann Sommer,SUI,83,Inter - Serie A TIM,Inter,Serie A TIM,GK,Right,35,"1,83 m",77 kg,€3.900.000 p/a,30/6/2026,150,160,50,0,4.492,0,0,"0,00",-,-,41,21,75%,90%,0%,25,0,0,0,"6,5km","0,00","0,00",-,"0,88",-,-,0%,0,87%,"0,00",-,-,-,-,-,"7,59",-,-,13,Italy (Serie A)
20041862,Alphonso Davies - Canadian,Alphonso Davies,CAN,48,Bayern München - Bundesliga,Bayern München,Bundesliga,D/WB/M/AM (L),Left,23,"1,85 m",77 kg,€8.623.000 p/a,30/6/2028,163,172,43,0,3.59,0,2,"1,89",-,"0,05",-,-,-,-,-,66,46,1,1,"12,8km","0,18","0,23","0,80","1,30","2,41",55%,83%,0,86%,"6,02","1,00","0,18",12%,"0,15","1,96","13,36",20%,-,19,Germany (Bundesliga)
43161651,Federico Chiesa - Italian,Federico Chiesa,ITA,51,Juventus - Serie A TIM,Juventus,Serie A TIM,"M (L), AM (RL), ST (C)",Right,26,"1,75 m",70 kg,€9.260.000 p/a,30/6/2028,159,165,31 (2),2,2.275,11,2,"7,35","0,44","0,08",-,-,-,-,-,58,45,3,0,"11,7km","0,04","0,00","0,12","0,55","1,35",27%,78%,0,83%,"1,74","1,07","0,47",23%,"0,44","2,53","15,03",52%,15%,7,Italy (Serie A)
98031331,Manuel Akanji - Swiss,Manuel Akanji,SUI,60,Man City - Premier League,Man City,Premier League,D (RLC),Right,28,"1,87 m",91 kg,€7.884.000 p/a,30/6/2027,154,156,9 (7),7,971,0,1,"0,47",-,"0,09",-,-,-,-,-,4,6,0,0,"12,2km","0,19","0,83","0,56","0,74","1,11",80%,50%,0,92%,"5,01","0,19","0,00",-,"0,19","0,28","4,17",0%,-,25,England (Premier League)
24060473,Joško Gvardiol - Croatian,Joško Gvardiol,CRO,29,Man City - Premier League,Man City,Premier League,"D (LC), WB (L)",Left,22,"1,85 m",80 kg,€12.129.000 p/a,30/6/2028,166,178,46 (1),1,4.086,0,3,"0,24",-,"0,07",-,-,-,-,-,34,56,11,0,"11,9km","0,20","0,48","0,51","0,64","2,80",80%,82%,0,92%,"7,22","1,19","0,18",15%,"0,09","1,81","16,52",100%,-,14,England (Premier League)
19183676,Fabinho - Brazilian,Fabinho,BRA,35,Al-Ittihad - Roshn Saudi League,Al-Ittihad,Roshn Saudi League,"D (RC), DM, M (C)",Right,30,"1,88 m",78 kg,€24.931.000 p/a,30/6/2026,156,170,45,0,4.05,5,5,"3,74","0,11","0,11",-,-,-,-,-,58,64,2,1,"3,5km","0,02","0,13","0,13","0,16","0,33",78%,91%,0,82%,"1,40","0,36","0,00",-,"0,11","0,13","1,29",36%,20%,4,Saudi Arabia (Saudi Pro League)
85078058,Riyad Mahrez - Algerian,Riyad Mahrez,ALG,93,Al-Ahli (KSA) - Roshn Saudi League,Al-Ahli (KSA),Roshn Saudi League,"M (R), AM (RLC)",Left,33,"1,79 m",66 kg,€17.286.000 p/a,30/6/2026,151,165,39 (1),1,3.516,4,5,"10,99","0,10","0,13",-,-,-,-,-,57,24,0,0,"0,0km","0,00","0,00",-,"0,00",-,-,78%,0,71%,"0,00",-,"0,00",-,-,-,"0,00",55%,4%,-,Saudi Arabia (Saudi Pro League)
67220143,Mikel Oyarzábal - Spanish,Mikel Oyarzábal,ESP,28,Real Sociedad - LALIGA EA SPORTS,Real Sociedad,LALIGA EA SPORTS,"AM (RLC), ST (C)",Left,27,"1,80 m",77 kg,€2.242.000 p/a,30/6/2028,159,167,42,0,2.997,12,5,"8,35","0,36","0,15",-,-,-,-,-,51,42,2,0,"12,6km","0,06","0,06","0,21","0,63","1,56",50%,86%,0,86%,"2,76","1,71","0,57",11%,"0,15","2,10","13,39",42%,13%,10,Spain (LaLiga)
16045721,Marcel Sabitzer - Austrian,Marcel Sabitzer,AUT,77,Dortmund - Bundesliga,Dortmund,Bundesliga,"DM, M/AM (C)",Right,30,"1,78 m",76 kg,€7.479.000 p/a,30/6/2027,148,156,46,0,3.859,4,10,"4,81","0,09","0,23",-,-,-,-,-,32,69,8,0,"12,5km","0,02","0,07","0,26","0,35","1,54",34%,85%,0,88%,"3,20","1,52","0,26",22%,"0,42","1,17","13,27",40%,9%,13,Germany (Bundesliga)
28009478,Wojciech Szczęsny - Polish,Wojciech Szczęsny,POL,80,Juventus - Serie A TIM,Juventus,Serie A TIM,GK,Right,34,"1,95 m",88 kg,€12.040.000 p/a,30/6/2025,149,169,38,0,3.45,0,0,"0,00",-,-,40,12,74%,89%,0%,21,0,0,0,"6,2km","0,00","0,00",-,"5,58",-,-,0%,2,82%,"0,00",-,-,-,-,-,"9,03",-,-,1,Italy (Serie A)
43010773,Ciro Immobile - Italian,Ciro Immobile,ITA,60,Lazio - Serie A TIM,Lazio,Serie A TIM,ST (C),Right,34,"1,85 m",84 kg,€7.410.000 p/a,30/6/2026,151,165,46 (4),4,3.98,24,3,"17,92","0,54","0,07",-,-,-,-,-,124,44,1,0,"11,8km","0,07","0,00","0,16","0,45","1,24",37%,89%,0,85%,"0,61","0,52","0,14",42%,"0,07","0,95","14,63",54%,15%,17,Italy (Serie A)
85086031,Adrien Rabiot - French,Adrien Rabiot,FRA,39,Juventus - Serie A TIM,Juventus,Serie A TIM,"DM, M (LC)",Left,29,"1,88 m",71 kg,€8.970.000 p/a,30/6/2024,154,158,37 (2),2,3.149,1,1,"3,90","0,03","0,03",-,-,-,-,-,25,47,4,0,"13,1km","0,00","0,49","0,26","0,63","1,40",57%,73%,0,90%,"4,12","1,11","0,23",23%,"0,37","1,09","7,83",27%,3%,25,Italy (Serie A)
1510566,Sergio Busquets - Spanish,Sergio Busquets,ESP,143,Inter Miami - Major League Soccer,Inter Miami,Major League Soccer,"DM, M (C)",Right,35,"1,89 m",75 kg,€1.942.000 p/a,31/12/2025,143,171,25 (2),2,1.738,0,2,"0,85",-,"0,10",-,-,-,-,-,16,25,3,0,"13,6km","0,10","0,31","0,26","0,57","1,45",37%,68%,0,89%,"5,59","1,40","0,10",28%,"0,41","0,78","3,21",0%,-,6,U.S.A. (MLS)
67178177,José Gayà - Spanish,José Gayà,ESP,20,Al-Hilal (KSA) - Roshn Saudi League,Al-Hilal (KSA),Roshn Saudi League,D/WB/M/AM (L),Left Only,29,"1,72 m",66 kg,€58.786.000 p/a,30/6/2027,157,160,39 (1),1,3.368,6,8,"11,15","0,16","0,21",-,-,-,-,-,73,44,0,0,"3,3km","0,05","0,00","0,05","0,24","0,69",12%,89%,0,79%,"1,26","0,51","0,13",18%,"0,24","0,75","2,86",42%,7%,12,Saudi Arabia (Saudi Pro League)
19273276,Éder Militão - Brazilian,Éder Militão,BRA,30,Real Madrid - LALIGA EA SPORTS,Real Madrid,LALIGA EA SPORTS,D (C),Right,26,"1,86 m",79 kg,€9.260.000 p/a,30/6/2029,163,168,4,0,360,0,1,"0,14",-,"0,25",-,-,-,-,-,0,5,1,0,"11,6km","0,00","1,00","0,25","0,25","2,00",83%,75%,0,93%,"4,50","0,25","0,00",-,"0,25","0,50","2,25",0%,-,3,Spain (LaLiga)
85094520,Mike Maignan - French,Mike Maignan,FRA,10,Milan - Serie A TIM,Milan,Serie A TIM,GK,Right,28,"1,91 m",89 kg,€8.119.000 p/a,30/6/2028,167,167,38,0,3.14,0,0,"0,00",-,-,28,17,78%,88%,13%,15,0,0,0,"6,2km","0,00","0,00",-,"0,63",-,-,13%,0,86%,"0,00",-,-,-,-,-,"4,41",-,-,16,Italy (Serie A)
43295814,Dejan Kulusevski - Swedish,Dejan Kulusevski,SWE,38,Tottenham - Premier League,Tottenham,Premier League,"M (R), AM (RC)",Left,24,"1,86 m",79 kg,€8.490.000 p/a,30/6/2028,162,171,38 (1),1,3.214,11,10,"11,64","0,31","0,28",-,-,-,-,-,55,40,1,0,"13,0km","0,03","0,00","0,34","0,64","1,54",28%,77%,0,85%,"3,14","1,79","0,62",20%,"0,34","3,08","12,15",49%,11%,21,England (Premier League)
85085378,Aymeric Laporte - Spanish,Aymeric Laporte,ESP,27,Al-Nassr (KSA) - Roshn Saudi League,Al-Nassr (KSA),Roshn Saudi League,D (C),Left,30,"1,91 m",85 kg,€24.791.000 p/a,30/6/2026,157,170,42,0,3.762,9,5,"6,50","0,22","0,12",-,-,-,-,-,49,46,1,0,"2,4km","0,02","0,14","0,05","0,05","0,22",44%,92%,0,77%,"0,69","0,24","0,10",66%,"0,05","0,07","1,22",45%,23%,4,Saudi Arabia (Saudi Pro League)
89056845,Ferran Torres - Spanish,Ferran Torres,ESP,35,Barcelona - LALIGA EA SPORTS,Barcelona,LALIGA EA SPORTS,"M (R), AM (RL), ST (C)",Right,24,"1,84 m",77 kg,€3.640.000 p/a,30/6/2027,152,161,50 (1),1,3.69,22,4,"15,91","0,54","0,10",-,-,-,-,-,84,43,0,0,"12,3km","0,00","0,07","0,29","0,85","1,20",31%,66%,0,86%,"0,68","0,54","0,17",26%,"0,17","1,46","18,27",57%,15%,7,Spain (LaLiga)
67211760,Mikel Merino - Spanish,Mikel Merino,ESP,20,Real Sociedad - LALIGA EA SPORTS,Real Sociedad,LALIGA EA SPORTS,"DM, M (C)",Left,27,"1,87 m",79 kg,€3.849.000 p/a,30/6/2027,155,159,37,0,3.011,5,6,"6,23","0,15","0,18",-,-,-,-,-,28,42,7,0,"12,3km","0,09","0,48","0,21","0,48","1,49",54%,68%,0,88%,"4,21","2,30","0,12",13%,"0,33","1,08","10,64",36%,11%,8,Spain (LaLiga)
83169822,João Félix - Portuguese,João Félix,POR,35,Barcelona - LALIGA EA SPORTS,Barcelona,LALIGA EA SPORTS,"AM (RLC), ST (C)",Right,24,"1,78 m",74 kg,€13.599.000 p/a,30/6/2029,164,177,47,0,3.176,9,3,"8,99","0,26","0,09",-,-,-,-,-,49,44,5,0,"12,6km","0,06","0,00","0,11","0,40","1,36",22%,65%,0,87%,"2,13","1,56","0,20",18%,"0,20","1,70","15,27",46%,10%,10,Spain (LaLiga)
19297055,Bruno Guimarães - Brazilian,Bruno Guimarães,BRA,14,Newcastle - Premier League,Newcastle,Premier League,"DM, M (C)",Right,26,"1,82 m",74 kg,€10.916.000 p/a,30/6/2028,165,170,39 (1),1,2.986,7,4,"5,09","0,21","0,12",-,-,-,-,-,34,61,12,1,"12,9km","0,00","0,24","0,39","0,48","1,87",58%,80%,0,89%,"4,97","1,39","0,06",9%,"0,48","1,57","5,46",34%,18%,39,England (Premier League)
28046572,Alex Oxlade-Chamberlain - English,Alex Oxlade-Chamberlain,ENG,35,Beşiktaş - Spor Toto Süper Lig,Beşiktaş,Spor Toto Süper Lig,"M (C), AM (RL)",Right,30,"1,76 m",72 kg,€3.750.000 p/a,30/6/2026,145,158,33 (4),4,2.499,5,7,"2,79","0,18","0,25",-,-,-,-,-,29,21,4,1,"12,7km","0,00","0,14","0,14","0,47","1,66",38%,76%,0,88%,"3,57","1,33","0,43",26%,"0,47","1,94","9,15",38%,13%,15,Türkiye (Spor Toto Süper Lig)
67115823,Gerard Moreno - Spanish,Gerard Moreno,ESP,22,Villarreal - LALIGA EA SPORTS,Villarreal,LALIGA EA SPORTS,"AM (R), ST (C)",Left,32,"1,80 m",76 kg,€2.676.000 p/a,30/6/2027,152,161,40 (5),5,3.127,23,2,"14,16","0,66","0,06",-,-,-,-,-,79,24,0,0,"12,2km","0,00","0,14","0,17","0,40","0,66",33%,80%,0,87%,"1,21","1,06","0,03",5%,"0,14","0,66","13,12",57%,18%,7,Spain (LaLiga)
55041623,João Cancelo - Portuguese,João Cancelo,POR,53,Barcelona - LALIGA EA SPORTS,Barcelona,LALIGA EA SPORTS,"D/WB (RL), M (R)",Right,30,"1,82 m",74 kg,€13.342.000 p/a,30/6/2027,158,167,18 (10),10,1.907,0,5,"0,93",-,"0,24",-,-,-,-,-,34,35,6,0,"12,7km","0,05","0,42","0,24","0,94","2,50",63%,88%,0,88%,"7,50","0,99","0,28",15%,"0,14","1,46","10,24",13%,-,18,Spain (LaLiga)
28104124,Trent Alexander-Arnold - English,Trent Alexander-Arnold,ENG,21,Liverpool - Premier League,Liverpool,Premier League,"D/WB (R), DM",Right,25,"1,80 m",70 kg,€14.354.000 p/a,30/6/2028,172,174,48,0,4.18,0,5,"2,98",-,"0,11",-,-,-,-,-,50,52,8,0,"12,6km","0,13","0,30","0,47","0,90","2,26",67%,82%,1,90%,"7,54","0,84","0,62",24%,"0,39","1,87","10,98",19%,-,66,England (Premier League)
91119265,Julian Brandt - German,Julian Brandt,GER,48,Dortmund - Bundesliga,Dortmund,Bundesliga,M/AM (RLC),Right,28,"1,85 m",83 kg,€6.981.000 p/a,30/6/2026,154,158,46 (1),1,3.694,9,11,"16,41","0,22","0,27",-,-,-,-,-,55,37,0,0,"12,3km","0,00","0,05","0,34","0,51","1,63",19%,83%,0,85%,"2,87","1,68","0,93",18%,"0,24","3,14","12,86",36%,8%,19,Germany (Bundesliga)
27066387,Andreas Christensen - Danish,Andreas Christensen,DEN,71,Barcelona - LALIGA EA SPORTS,Barcelona,LALIGA EA SPORTS,D (C),Right,28,"1,88 m",78 kg,€12.000.000 p/a,30/6/2026,158,165,52,0,4.682,1,1,"0,69","0,02","0,02",-,-,-,-,-,17,23,1,0,"11,3km","0,33","0,85","0,38","0,73","1,85",65%,69%,0,94%,"4,34","0,15","0,02",9%,"0,02","0,21","1,94",43%,14%,15,Spain (LaLiga)
16202373,Dominik Szoboszlai - Hungarian,Dominik Szoboszlai,HUN,41,Liverpool - Premier League,Liverpool,Premier League,M/AM (RLC),Right,23,"1,86 m",74 kg,€7.277.000 p/a,30/6/2028,162,170,46 (2),2,3.986,11,5,"6,31","0,25","0,11",-,-,-,-,-,37,42,4,0,"13,0km","0,02","0,05","0,27","0,59","1,58",43%,84%,0,90%,"4,11","2,46","1,35",22%,"0,29","1,99","14,74",54%,17%,8,England (Premier League)
62182055,Dušan Vlahović - Serbian,Dušan Vlahović,SRB,26,Juventus - Serie A TIM,Juventus,Serie A TIM,ST (C),Left,24,"1,91 m",81 kg,€13.752.000 p/a,30/6/2028,157,165,22 (2),2,1.814,9,1,"12,66","0,45","0,05",-,-,-,-,-,50,32,2,0,"12,1km","0,00","0,05","0,10","0,15","0,74",54%,69%,0,90%,"0,55","1,93","0,00",-,"0,20","0,94","19,50",43%,10%,9,Italy (Serie A)
67288555,Xavi Simons - Dutch,Xavi Simons,NED,12,RB Leipzig - Bundesliga,RB Leipzig,Bundesliga,M/AM (C),Right,21,"1,79 m",58 kg,€5.983.000 p/a,30/6/2027,165,174,45,0,3.716,15,6,"11,33","0,36","0,15",-,-,-,-,-,56,33,2,0,"13,0km","0,02","0,00","0,27","0,61","1,26",24%,80%,0,82%,"1,77","1,33","0,24",26%,"0,41","1,53","12,67",38%,15%,12,Germany (Bundesliga)
16182894,Dayot Upamecano - French,Dayot Upamecano,FRA,15,Bayern München - Bundesliga,Bayern München,Bundesliga,D (C),Right,25,"1,86 m",90 kg,€10.970.000 p/a,30/6/2026,156,168,16 (11),11,1.677,0,0,"0,21",-,-,-,-,-,-,-,13,20,5,0,"12,2km","0,11","0,70","0,27","0,64","1,61",73%,77%,0,93%,"5,96","0,59","0,05",33%,"0,16","0,59","4,08",0%,-,2,Germany (Bundesliga)
16147659,Konrad Laimer - Austrian,Konrad Laimer,AUT,32,Bayern München - Bundesliga,Bayern München,Bundesliga,"D/WB (R), DM, M (C)",Right,27,"1,80 m",72 kg,€8.477.000 p/a,30/6/2027,154,154,40 (2),2,3.662,1,2,"2,04","0,02","0,05",-,-,-,-,-,29,57,8,0,"13,0km","0,12","0,25","0,66","1,08","2,68",50%,80%,0,91%,"6,88","1,03","0,42",32%,"0,22","2,11","15,29",13%,6%,27,Germany (Bundesliga)
83188780,Matheus Nunes - Portuguese,Matheus Nunes,POR,12,Man City - Premier League,Man City,Premier League,"DM, M (C), AM (RC)",Right,25,"1,84 m",78 kg,€7.884.000 p/a,30/6/2028,161,161,51 (2),2,4.281,12,9,"9,04","0,25","0,19",-,-,-,-,-,33,75,4,0,"12,9km","0,04","0,29","0,44","0,63","1,32",46%,78%,0,88%,"3,26","1,20","0,08",7%,"0,23","1,72","18,02",40%,14%,12,England (Premier League)
67276122,Ansu Fati - Spanish,Ansu Fati,ESP,18,Brighton - Premier League,Brighton,Premier League,"AM (RL), ST (C)",Right,21,"1,78 m",66 kg,€12.000.000 p/a,30/6/2027,161,170,41,0,2.52,7,2,"10,20","0,25","0,07",-,-,-,-,-,82,18,0,0,"11,7km","0,07","0,04","0,11","0,39","1,21",26%,70%,0,88%,"1,29","0,86","0,21",17%,"0,21","2,14","17,46",44%,9%,21,England (Premier League)
78060464,José Giménez - Uruguayan,José Giménez,URU,85,Atlético de Madrid - LALIGA EA SPORTS,Atlético de Madrid,LALIGA EA SPORTS,"D (C), DM",Right,29,"1,85 m",77 kg,€5.179.000 p/a,30/6/2027,158,166,45,0,3.733,0,1,"0,89",-,"0,02",-,-,-,-,-,12,31,8,0,"11,9km","0,24","0,96","0,53","0,75","1,83",71%,66%,0,93%,"4,27","0,10","0,00",-,"0,14","0,36","2,75",13%,-,2,Spain (LaLiga)
67052513,Jordi Alba - Spanish,Jordi Alba,ESP,93,Inter Miami - Major League Soccer,Inter Miami,Major League Soccer,D/WB (L),Left,35,"1,70 m",68 kg,€1.505.000 p/a,31/12/2024,139,166,22,0,1.878,0,2,"0,25",-,"0,10",-,-,-,-,-,21,28,3,1,"13,6km","0,19","0,19","0,38","1,01","2,54",53%,80%,0,90%,"7,04","1,58","0,43",28%,"0,38","2,30","10,02",0%,-,18,U.S.A. (MLS)
156772,Toni Kroos - German,Toni Kroos,GER,105,Real Madrid - LALIGA EA SPORTS,Real Madrid,LALIGA EA SPORTS,"DM, M (C)",Right,34,"1,83 m",75 kg,€12.132.000 p/a,30/6/2025,150,176,17 (28),28,1.843,2,4,"1,27","0,10","0,20",-,-,-,-,-,11,22,3,0,"13,1km","0,00","0,10","0,24","0,63","1,22",37%,86%,0,89%,"5,62","1,61","3,47",26%,"0,44","0,44","4,88",27%,13%,8,Spain (LaLiga)
83174762,Vitinha - Portuguese,Vitinha,POR,18,Paris Saint-Germain - Ligue 1 Uber Eats,Paris Saint-Germain,Ligue 1 Uber Eats,"DM, M (C)",Right,24,"1,72 m",66 kg,€9.883.000 p/a,30/6/2028,159,168,45 (1),1,3.686,10,14,"8,23","0,24","0,34",-,-,-,-,-,28,20,2,0,"12,9km","0,10","0,02","0,32","0,59","1,90",29%,73%,0,88%,"3,88","1,90","0,22",29%,"0,63","1,54","11,40",50%,18%,17,France (Ligue 1)
83111338,Gedson Fernandes - Portuguese,Gedson Fernandes,POR,2,Beşiktaş - Spor Toto Süper Lig,Beşiktaş,Spor Toto Süper Lig,"DM, M (C)",Right,25,"1,82 m",69 kg,€2.125.000 p/a,30/6/2027,140,145,35 (6),6,3.271,9,11,"8,05","0,25","0,30",-,-,-,-,-,50,24,1,0,"13,0km","0,03","0,08","0,36","0,41","1,24",35%,73%,0,88%,"3,60","1,02","0,17",24%,"0,50","1,40","9,05",40%,14%,83,Türkiye (Spor Toto Süper Lig)
49039004,William Saliba - French,William Saliba,FRA,14,Arsenal - Premier League,Arsenal,Premier League,D (C),Right,23,"1,92 m",83 kg,€11.522.000 p/a,30/6/2027,170,182,36,0,3.167,1,3,"1,60","0,03","0,09",-,-,-,-,-,9,20,4,0,"11,8km","0,31","0,57","0,48","0,97","1,85",77%,75%,0,95%,"4,49","0,31","0,03",12%,"0,03","0,20","1,96",27%,5%,2,England (Premier League)
85133751,Ferland Mendy - French,Ferland Mendy,FRA,11,Real Madrid - LALIGA EA SPORTS,Real Madrid,LALIGA EA SPORTS,"D (LC), WB (L)",Left,28,"1,80 m",73 kg,€10.372.000 p/a,30/6/2025,154,160,37 (5),5,3.211,1,3,"0,16","0,03","0,08",-,-,-,-,-,33,45,2,0,"13,2km","0,22","0,25","0,48","1,12","2,44",65%,85%,0,91%,"5,44","0,64","0,28",16%,"0,17","2,02","13,17",14%,14%,23,Spain (LaLiga)
2000049413,Gavi - Spanish,Gavi,ESP,28,Barcelona - LALIGA EA SPORTS,Barcelona,LALIGA EA SPORTS,"DM, M (C), AM (LC)",Right,19,"1,74 m",70 kg,€7.500.000 p/a,30/6/2026,159,168,19 (9),9,1.575,4,4,"5,00","0,23","0,23",-,-,-,-,-,10,26,5,0,"12,6km","0,06","0,00","0,06","0,40","1,54",19%,67%,1,87%,"3,31","1,77","0,11",13%,"0,29","1,43","10,29",41%,12%,6,Spain (LaLiga)
48030711,André-Franck Zambo Anguissa - Cameroonian,André-Franck Zambo Anguissa,CMR,59,Napoli - Serie A TIM,Napoli,Serie A TIM,"DM, M (C)",Right,28,"1,84 m",78 kg,€6.157.000 p/a,30/6/2027,158,162,40 (2),2,3.359,7,4,"7,92","0,19","0,11",-,-,-,-,-,35,37,2,0,"12,7km","0,08","0,24","0,29","0,70","1,47",50%,76%,0,87%,"3,54","1,42","0,13",19%,"0,21","1,82","11,82",44%,13%,99,Italy (Serie A)
67175052,Thomas Partey - Ghanaian,Thomas Partey,GHA,56,Arsenal - Premier League,Arsenal,Premier League,"D (R), DM, M (C)",Right,30,"1,85 m",80 kg,€9.703.000 p/a,30/6/2026,159,162,33 (1),1,2.151,1,3,"1,36","0,04","0,13",-,-,-,-,-,15,42,3,0,"13,1km","0,13","0,59","0,29","0,46","1,38",64%,64%,0,90%,"5,69","1,42","0,08",22%,"0,33","0,92","6,11",33%,8%,5,England (Premier League)
14229525,Enzo Fernández - Argentinian,Enzo Fernández,ARG,21,Chelsea - Premier League,Chelsea,Premier League,"DM, M/AM (C)",Right,23,"1,78 m",70 kg,€10.916.000 p/a,30/6/2032,164,174,32,0,2.761,0,9,"3,85",-,"0,29",-,-,-,-,-,26,35,4,0,"12,9km","0,10","0,10","0,42","0,75","1,79",34%,72%,0,88%,"5,09","1,30","0,10",16%,"0,23","1,24","7,99",35%,-,8,England (Premier League)
19099575,Danilo - Brazilian,Danilo,BRA,54,Juventus - Serie A TIM,Juventus,Serie A TIM,D (RLC),Right,32,"1,84 m",78 kg,€5.130.000 p/a,30/6/2025,148,156,34 (1),1,2.911,0,4,"0,49",-,"0,12",-,-,-,-,-,16,25,7,0,"11,8km","0,31","0,74","0,22","0,74","1,70",73%,84%,0,94%,"4,70","0,31","0,03",12%,"0,09","0,34","3,43",0%,-,38,Italy (Serie A)
28051378,Wilfried Zaha - Ivorian,Wilfried Zaha,CIV,39,Galatasaray SK - Spor Toto Süper Lig,Galatasaray SK,Spor Toto Süper Lig,"M (L), AM (RLC), ST (C)",Right,31,"1,84 m",72 kg,€6.408.000 p/a,30/6/2026,143,154,32 (10),10,2.825,12,2,"13,76","0,38","0,06",-,-,-,-,-,52,54,5,0,"12,3km","0,03","0,06","0,45","0,70","1,56",28%,80%,0,83%,"2,26","1,18","0,35",12%,"0,29","2,90","14,69",38%,10%,16,Türkiye (Spor Toto Süper Lig)
28018613,Kieran Trippier - English,Kieran Trippier,ENG,44,Newcastle - Premier League,Newcastle,Premier League,D/WB (R),Right,33,"1,78 m",72 kg,€6.064.000 p/a,30/6/2025,154,159,44,0,3.829,3,6,"3,69","0,07","0,14",-,-,-,-,-,57,43,10,0,"12,8km","0,12","0,35","0,52","0,92","2,84",60%,82%,0,91%,"7,94","2,33","1,29",10%,"0,09","0,99","9,45",33%,14%,2,England (Premier League)
85141999,Presnel Kimpembe - French,Presnel Kimpembe,FRA,28,Paris Saint-Germain - Ligue 1 Uber Eats,Paris Saint-Germain,Ligue 1 Uber Eats,D (C),Left,28,"1,83 m",77 kg,€11.934.000 p/a,30/6/2027,153,162,41,0,3.54,0,1,"2,20",-,"0,03",-,-,-,-,-,7,19,4,0,"11,6km","0,31","0,74","0,56","0,97","1,47",82%,77%,0,93%,"4,30","0,20","0,03",8%,"0,03","0,23","3,15",13%,-,3,France (Ligue 1)
67276127,Nico - Spanish,Nico,ESP,2,Porto - Liga Portugal Betclic,Porto,Liga Portugal Betclic,"DM, M (C)",Right,22,"1,87 m",81 kg,€1.742.000 p/a,30/6/2028,152,160,39,0,3.032,12,8,"5,27","0,36","0,24",-,-,-,-,-,19,34,2,0,"12,6km","0,06","0,47","0,24","0,45","1,13",53%,75%,0,88%,"3,29","1,34","0,18",16%,"0,53","0,86","10,60",51%,23%,6,Portugal (Liga Portugal Betclic)
67216396,Fabián - Spanish,Fabián,ESP,20,Paris Saint-Germain - Ligue 1 Uber Eats,Paris Saint-Germain,Ligue 1 Uber Eats,"DM, M/AM (C)",Left,28,"1,89 m",73 kg,€2.775.000 p/a,30/6/2027,155,161,43 (4),4,3.684,12,9,"6,97","0,29","0,22",-,-,-,-,-,28,20,2,0,"12,3km","0,07","0,29","0,42","0,66","1,78",48%,81%,0,88%,"4,03","2,03","0,15",24%,"0,32","1,10","12,61",49%,17%,8,France (Ligue 1)
67217522,Pau Torres - Spanish,Pau Torres,ESP,28,Aston Villa - Premier League,Aston Villa,Premier League,D (C),Left,27,"1,91 m",80 kg,€7.277.000 p/a,30/6/2028,159,167,55,0,4.735,1,3,"0,86","0,02","0,06",-,-,-,-,-,25,24,4,1,"11,6km","0,21","0,61","0,59","0,95","1,79",72%,73%,0,94%,"5,07","0,32","0,08",44%,"0,08","0,19","1,62",22%,11%,13,England (Premier League)
67276230,Nico Williams - Spanish,Nico Williams,ESP,11,Athletic Club - LALIGA EA SPORTS,Athletic Club,LALIGA EA SPORTS,M/AM (RL),Right,21,"1,80 m",77 kg,€3.155.000 p/a,30/6/2028,157,171,37,0,2.832,7,5,"9,41","0,22","0,16",-,-,-,-,-,39,41,1,0,"13,1km","0,03","0,00","0,19","0,57","1,72",56%,83%,0,85%,"2,32","1,37","0,60",20%,"0,48","2,70","12,04",44%,9%,11,Spain (LaLiga)
27010680,Christian Eriksen - Danish,Christian Eriksen,DEN,128,Man Utd - Premier League,Man Utd,Premier League,"DM, M/AM (C)",Right,32,"1,78 m",76 kg,€10.309.000 p/a,30/6/2025,151,170,14 (29),29,1.515,1,10,"0,83","0,06","0,59",-,-,-,-,-,14,9,0,0,"12,0km","0,12","0,06","0,12","0,53","1,25",29%,79%,0,91%,"3,92","2,73","1,25",31%,"0,59","0,30","10,51",50%,13%,14,England (Premier League)
43270517,Nicolò Zaniolo - Italian,Nicolò Zaniolo,ITA,18,Galatasaray SK - Spor Toto Süper Lig,Galatasaray SK,Spor Toto Süper Lig,"M (L), AM (RLC), ST (C)",Left,24,"1,89 m",79 kg,€3.437.000 p/a,30/6/2027,153,162,-,0,-,-,-,-,-,-,-,-,-,-,-,-,-,-,-,-,-,-,-,-,-,-,-,-,-,-,-,-,-,-,-,-,-,-,-,Türkiye (Spor Toto Süper Lig)
14157184,Alexis Mac Allister - Argentinian,Alexis Mac Allister,ARG,24,Liverpool - Premier League,Liverpool,Premier League,"DM, M/AM (C)",Right,25,"1,74 m",71 kg,€9.097.000 p/a,30/6/2028,158,165,47 (1),1,3.639,7,11,"5,88","0,17","0,27",-,-,-,-,-,35,44,2,0,"12,9km","0,07","0,25","0,27","0,40","1,36",37%,76%,0,87%,"3,81","2,97","0,57",24%,"0,42","0,89","14,10",41%,12%,10,England (Premier League)
48037291,Axel Disasi - French,Axel Disasi,FRA,4,Chelsea - Premier League,Chelsea,Premier League,D (C),Right,26,"1,90 m",86 kg,€4.548.000 p/a,30/6/2029,149,157,21,0,1.92,1,1,"1,26","0,05","0,05",-,-,-,-,-,4,14,6,0,"11,4km","0,19","0,56","0,80","1,08","1,97",74%,70%,0,95%,"3,80","0,28","0,09",100%,"0,23","0,14","2,48",17%,6%,4,England (Premier League)
67030696,Nacho - Spanish,Nacho,ESP,26,Real Madrid - LALIGA EA SPORTS,Real Madrid,LALIGA EA SPORTS,D (RLC),Right,34,"1,80 m",75 kg,€4.759.000 p/a,30/6/2025,147,155,51,0,4.447,1,4,"1,41","0,02","0,08",-,-,-,-,-,38,54,5,0,"12,4km","0,28","0,30","0,79","0,75","2,57",69%,86%,0,92%,"5,65","0,67","0,20",18%,"0,22","0,67","13,92",22%,4%,6,Spain (LaLiga)
14024702,Leandro Paredes - Argentinian,Leandro Paredes,ARG,58,Roma - Serie A TIM,Roma,Serie A TIM,"DM, M (C)",Right,29,"1,80 m",75 kg,€5.770.000 p/a,30/6/2025,144,155,21 (21),21,2.095,2,5,"2,20","0,09","0,21",-,-,-,-,-,25,32,9,0,"12,7km","0,17","0,09","0,26","0,64","1,29",37%,84%,0,93%,"4,85","1,72","0,56",25%,"0,30","0,39","7,39",25%,10%,8,Italy (Serie A)
14043255,Guido Rodríguez - Argentinian,Guido Rodríguez,ARG,36,Real Betis - LALIGA EA SPORTS,Real Betis,LALIGA EA SPORTS,"DM, M (C)",Right,30,"1,85 m",80 kg,€2.562.000 p/a,30/6/2024,155,162,46,0,3.353,0,8,"1,08",-,"0,21",-,-,-,-,-,37,45,5,0,"12,8km","0,13","0,35","0,48","0,67","1,66",50%,79%,0,91%,"5,26","0,83","0,00",-,"0,35","0,72","5,34",21%,-,5,Spain (LaLiga)
16147660,Xaver Schlager - Austrian,Xaver Schlager,AUT,43,Newcastle - Premier League,Newcastle,Premier League,"DM, M (C)",Left,26,"1,74 m",76 kg,€5.288.000 p/a,30/6/2028,152,152,19,0,1.597,0,3,"3,92",-,"0,17",-,-,-,-,-,9,27,3,0,"13,6km","0,17","0,00","0,28","0,73","1,69",33%,74%,0,91%,"5,58","1,41","0,00",-,"0,45","0,96","5,24",25%,-,20,England (Premier League)
35007944,Mats Hummels - German,Mats Hummels,GER,77,Dortmund - Bundesliga,Dortmund,Bundesliga,D (C),Right,35,"1,91 m",92 kg,€4.941.000 p/a,30/6/2025,145,177,24 (6),6,2.239,3,1,"1,11","0,12","0,04",-,-,-,-,-,9,14,3,0,"10,7km","0,28","0,84","0,68","1,25","1,45",78%,75%,0,95%,"4,50","0,36","0,04",25%,"0,08","0,16","2,13",50%,38%,15,Germany (Bundesliga)
85121966,Édouard Mendy - Senegalese,Édouard Mendy,SEN,41,Al-Ahli (KSA) - Roshn Saudi League,Al-Ahli (KSA),Roshn Saudi League,GK,Right,32,"1,94 m",94 kg,€11.171.000 p/a,30/6/2026,150,165,41,0,3.69,0,0,"0,00",-,-,33,21,0%,0%,-,45,0,0,0,"0,0km","0,00","0,00",-,"0,00",-,-,-,0,61%,"0,00",-,-,-,-,-,"0,00",-,-,16,Saudi Arabia (Saudi Pro League)
14020367,Emiliano Martínez - Argentinian,Emiliano Martínez,ARG,37,Aston Villa - Premier League,Aston Villa,Premier League,GK,Right,31,"1,93 m",85 kg,€7.580.000 p/a,30/6/2027,156,156,49,0,4.325,0,0,"0,00",-,-,51,14,73%,88%,0%,23,0,0,0,"6,2km","0,00","0,00",-,"1,50",-,-,0%,0,90%,"0,00",-,-,-,-,-,"6,62",-,-,1,England (Premier League)
37063644,Jurriën Timber - Dutch,Jurriën Timber,NED,15,Arsenal - Premier League,Arsenal,Premier League,D (RLC),Right,22,"1,79 m",79 kg,€6.671.000 p/a,30/6/2028,146,173,-,0,-,-,-,-,-,-,-,-,-,-,-,-,-,-,-,-,-,-,-,-,-,-,-,-,-,-,-,-,-,-,-,-,-,-,12,England (Premier League)
91151081,Kai Havertz - German,Kai Havertz,GER,38,Arsenal - Premier League,Arsenal,Premier League,"M/AM (C), ST (C)",Left,24,"1,91 m",84 kg,€13.342.000 p/a,30/6/2028,157,180,13 (30),30,1.703,4,1,"4,83","0,21","0,05",-,-,-,-,-,17,15,1,0,"12,7km","0,05","0,42","0,16","0,48","1,64",47%,76%,0,88%,"3,86","2,22","0,16",25%,"0,48","1,32","13,95",34%,14%,29,England (Premier League)
92026209,Hakan Çalhanoğlu - Turkish,Hakan Çalhanoğlu,TUR,83,Inter - Serie A TIM,Inter,Serie A TIM,"DM, M/AM (C)",Right,30,"1,78 m",69 kg,€10.400.000 p/a,30/6/2027,156,160,33 (2),2,2.33,0,8,"1,09",-,"0,31",-,-,-,-,-,16,25,4,1,"13,0km","0,12","0,04","0,46","0,89","1,78",41%,74%,0,92%,"5,76","2,28","1,93",23%,"0,35","0,77","6,53",25%,-,20,Italy (Serie A)
14241914,Alan Varela - Argentinian,Alan Varela,ARG,8,Porto - Liga Portugal Betclic,Porto,Liga Portugal Betclic,"DM, M (C)",Right,22,"1,75 m",72 kg,€1.461.000 p/a,30/6/2028,150,158,30,0,2.191,3,11,"2,15","0,12","0,45",-,-,-,-,-,26,37,6,0,"12,2km","0,04","0,08","0,29","0,37","1,36",26%,87%,0,89%,"3,25","1,40","0,37",36%,"0,41","1,27","11,34",33%,13%,7,Portugal (Liga Portugal Betclic)
76002390,James Rodríguez - Colombian,James Rodríguez,COL,92,São Paulo - Brasileirão Assaí Série A,São Paulo,Brasileirão Assaí Série A,"M (C), AM (RLC)",Left,32,"1,80 m",74 kg,€2.155.000 p/a,30/6/2025,135,175,21 (8),8,1.689,3,11,"3,63","0,16","0,59",-,-,-,-,-,17,14,1,1,"12,1km","0,00","0,00","0,27","0,64","1,44",37%,69%,0,86%,"2,88","3,57","2,40",11%,"0,80","1,07","12,10",36%,8%,10,Brazil (Série A)
19242277,Raphinha - Brazilian,Raphinha,BRA,16,Man City - Premier League,Man City,Premier League,"M (R), AM (RL)",Left,27,"1,76 m",68 kg,€12.000.000 p/a,30/6/2027,155,163,12 (25),25,1.49,8,3,"5,72","0,48","0,18",-,-,-,-,-,20,17,0,0,"12,6km","0,06","0,00","0,30","0,42","1,87",28%,89%,0,82%,"2,60","1,99","2,17",9%,"0,48","4,05","15,70",53%,14%,15,England (Premier League)
28103590,Mason Mount - English,Mason Mount,ENG,37,Man Utd - Premier League,Man Utd,Premier League,"M (C), AM (RLC)",Right,25,"1,81 m",73 kg,€12.129.000 p/a,30/6/2028,161,170,48,0,3.993,4,4,"5,12","0,09","0,09",-,-,-,-,-,26,45,1,0,"12,7km","0,05","0,07","0,25","0,61","1,47",40%,86%,0,87%,"3,07","1,15","0,29",21%,"0,11","1,37","12,55",26%,9%,7,England (Premier League)
48042326,Aurélien Tchouameni - French,Aurélien Tchouameni,FRA,26,Real Madrid - LALIGA EA SPORTS,Real Madrid,LALIGA EA SPORTS,"DM, M (C)",Right,24,"1,87 m",81 kg,€12.466.000 p/a,30/6/2028,165,177,25 (20),20,2.43,3,7,"4,78","0,11","0,26",-,-,-,-,-,17,42,2,0,"13,0km","0,04","0,26","0,48","0,67","1,59",53%,72%,0,90%,"4,44","0,89","0,11",25%,"0,15","1,15","7,04",36%,7%,18,Spain (LaLiga)
43075156,Giovanni Di Lorenzo - Italian,Giovanni Di Lorenzo,ITA,36,Napoli - Serie A TIM,Napoli,Serie A TIM,"D (RC), WB/M (R)",Right,30,"1,83 m",83 kg,€5.560.000 p/a,30/6/2026,159,162,42 (3),3,3.536,0,5,"1,72",-,"0,13",-,-,-,-,-,41,66,7,0,"13,3km","0,25","0,33","0,46","0,92","2,44",64%,83%,1,87%,"4,00","1,27","1,07",16%,"0,20","1,99","11,15",18%,-,22,Italy (Serie A)
14043349,Ángel Correa - Argentinian,Ángel Correa,ARG,23,Marseille - Ligue 1 Uber Eats,Marseille,Ligue 1 Uber Eats,"M (R), AM (RLC), ST (C)",Right,29,"1,72 m",67 kg,€5.000.000 p/a,30/6/2026,149,162,43 (1),1,3.243,14,4,"6,84","0,39","0,11",-,-,-,-,-,51,36,3,0,"12,8km","0,03","0,06","0,28","0,64","2,66",25%,81%,0,83%,"3,08","1,69","0,44",11%,"0,31","3,97","15,99",49%,21%,14,France (Ligue 1)
24016529,Marcelo Brozović - Croatian,Marcelo Brozović,CRO,96,Al-Nassr (KSA) - Roshn Saudi League,Al-Nassr (KSA),Roshn Saudi League,"DM, M (C)",Right,31,"1,81 m",68 kg,€35.864.000 p/a,30/6/2026,156,165,44,0,3.893,1,3,"3,69","0,02","0,07",-,-,-,-,-,59,40,1,2,"2,5km","0,02","0,05","0,02","0,09","0,35",43%,86%,0,80%,"1,09","0,44","0,14",-,"0,09","0,12","0,55",23%,3%,6,Saudi Arabia (Saudi Pro League)
61043456,Andrew Robertson - Scottish,Andrew Robertson,SCO,70,Liverpool - Premier League,Liverpool,Premier League,D/WB (L),Left Only,30,"1,78 m",64 kg,€9.703.000 p/a,30/6/2026,157,165,42,0,3.482,0,4,"0,05",-,"0,10",-,-,-,-,-,49,53,9,2,"13,1km","0,21","0,18","0,85","0,98","2,66",63%,83%,0,88%,"7,26","0,88","0,26",6%,"0,18","1,73","13,54",0%,-,26,England (Premier League)
43094100,Lorenzo Pellegrini - Italian,Lorenzo Pellegrini,ITA,32,Roma - Serie A TIM,Roma,Serie A TIM,"DM, M/AM (C)",Right,27,"1,86 m",77 kg,€6.480.000 p/a,30/6/2028,153,158,41 (2),2,3.244,0,13,"1,99",-,"0,36",-,-,-,-,-,30,49,7,0,"12,5km","0,14","0,06","0,36","0,61","1,58",27%,76%,0,86%,"4,22","2,64","2,14",29%,"0,78","1,36","13,09",41%,-,7,Italy (Serie A)
91193048,Florian Wirtz - German,Florian Wirtz,GER,12,Bayer Leverkusen - Bundesliga,Bayer Leverkusen,Bundesliga,"M (C), AM (RLC)",Right,21,"1,77 m",71 kg,€4.488.000 p/a,30/6/2027,158,167,37,0,2.802,9,8,"9,58","0,29","0,26",-,-,-,-,-,40,22,0,0,"12,8km","0,00","0,00","0,03","0,48","1,25",16%,73%,0,86%,"2,25","1,51","0,39",25%,"0,35","1,96","13,88",44%,10%,10,Germany (Bundesliga)
71101334,Anatolii Trubin - Ukrainian,Anatolii Trubin,UKR,15,Benfica - Liga Portugal Betclic,Benfica,Liga Portugal Betclic,GK,Right,22,"1,99 m",86 kg,€1.544.000 p/a,30/6/2028,158,167,44,0,3.99,0,0,"0,00",-,-,41,18,73%,88%,17%,22,1,1,0,"6,6km","0,00","0,00",-,"0,68",-,-,17%,0,90%,"0,00",-,-,-,-,-,"5,55",-,-,1,Portugal (Liga Portugal Betclic)
43026579,Marco Verratti - Italian,Marco Verratti,ITA,62,Al-Arabi - QNB Stars League,Al-Arabi,QNB Stars League,"DM, M (C)",Right,31,"1,65 m",60 kg,€8.078.000 p/a,31/5/2026,154,165,33,0,2.97,0,5,"2,43",-,"0,15",-,-,-,-,-,57,49,1,0,"0,0km","0,00","0,00",-,"0,00",-,-,83%,0,71%,"0,00",-,"0,00",-,-,-,"0,00",0%,-,-,Qatar (QNB Stars League)
14048343,Rodrigo De Paul - Argentinian,Rodrigo De Paul,ARG,59,Atlético de Madrid - LALIGA EA SPORTS,Atlético de Madrid,LALIGA EA SPORTS,M/AM (RC),Right,30,"1,80 m",70 kg,€5.798.000 p/a,30/6/2026,155,160,46,0,3.236,4,6,"3,46","0,11","0,17",-,-,-,-,-,29,57,6,1,"12,9km","0,08","0,00","0,42","0,61","1,22",34%,84%,0,90%,"3,37","1,47","0,70",17%,"0,50","1,45","14,41",38%,10%,5,Spain (LaLiga)
24016925,Mateo Kovačić - Croatian,Mateo Kovačić,CRO,102,Man City - Premier League,Man City,Premier League,"DM, M (C)",Right,30,"1,76 m",82 kg,€10.006.000 p/a,30/6/2027,152,172,14 (30),30,1.564,3,6,"2,48","0,17","0,35",-,-,-,-,-,7,22,5,1,"12,6km","0,00","0,00","0,23","0,75","1,27",36%,83%,0,88%,"3,80","1,38","0,12",18%,"0,35","1,50","13,06",42%,9%,8,England (Premier League)
24048100,Dani Olmo - Spanish,Dani Olmo,ESP,32,RB Leipzig - Bundesliga,RB Leipzig,Bundesliga,"M (C), AM (RLC)",Right,26,"1,79 m",71 kg,€10.471.000 p/a,30/6/2027,155,162,38 (1),1,2.934,10,14,"7,94","0,31","0,43",-,-,-,-,-,26,21,0,0,"13,4km","0,06","0,00","0,18","0,46","1,63",21%,75%,0,85%,"2,21","2,48","0,18",8%,"0,40","2,06","13,01",37%,14%,7,Germany (Bundesliga)
83152910,Galeno - Brazilian,Galeno,BRA,0,Porto - Liga Portugal Betclic,Porto,Liga Portugal Betclic,M/AM (RL),Right,26,"1,79 m",72 kg,€1.238.000 p/a,30/6/2027,155,155,43,0,3.695,11,12,"5,68","0,27","0,29",-,-,-,-,-,57,52,1,0,"12,4km","0,00","0,00",-,"1,00","1,92",28%,79%,0,81%,"2,97","2,31","0,68",23%,"0,27","2,83","11,18",50%,18%,13,Portugal (Liga Portugal Betclic)
43201830,Lucas Torreira - Uruguayan,Lucas Torreira,URU,42,Galatasaray SK - Spor Toto Süper Lig,Galatasaray SK,Spor Toto Süper Lig,"DM, M (C)",Right,28,"1,68 m",64 kg,€3.437.000 p/a,30/6/2026,151,155,47 (7),7,3.611,0,3,"1,52",-,"0,07",-,-,-,-,-,36,79,5,1,"13,1km","0,12","0,07","0,27","0,62","1,47",38%,76%,0,92%,"5,06","0,87","0,07",21%,"0,17","0,62","4,54",27%,-,34,Türkiye (Spor Toto Süper Lig)
67117360,Álvaro Morata - Spanish,Álvaro Morata,ESP,72,Atlético de Madrid - LALIGA EA SPORTS,Atlético de Madrid,LALIGA EA SPORTS,ST (C),Right,31,"1,89 m",84 kg,€6.618.000 p/a,30/6/2026,152,166,37 (10),10,2.628,12,1,"16,07","0,41","0,03",-,-,-,-,-,55,54,1,0,"12,1km","0,00","0,03","0,10","0,34","1,13",44%,84%,0,86%,"0,62","0,45","0,03",7%,"0,21","1,27","18,18",44%,9%,19,Spain (LaLiga)
37062185,Cody Gakpo - Dutch,Cody Gakpo,NED,24,Liverpool - Premier League,Liverpool,Premier League,"M (C), AM (RLC), ST (C)",Right,25,"1,89 m",76 kg,€6.671.000 p/a,30/6/2028,158,164,12 (31),31,1.532,15,2,"7,53","0,88","0,12",-,-,-,-,-,27,12,0,0,"12,5km","0,00","0,18","0,12","0,29","0,88",25%,59%,0,85%,"1,47","1,29","0,53",17%,"0,12","1,17","13,39",55%,22%,18,England (Premier League)
85140301,Christopher Nkunku - French,Christopher Nkunku,FRA,11,Chelsea - Premier League,Chelsea,Premier League,"M (C), AM (RLC), ST (C)",Right,26,"1,78 m",68 kg,€18.193.000 p/a,30/6/2029,163,172,21,0,1.656,8,2,"5,88","0,43","0,11",-,-,-,-,-,27,19,2,0,"13,1km","0,00","0,00","0,33","0,82","1,36",24%,73%,0,85%,"2,07","1,63","0,65",9%,"0,38","1,96","13,21",44%,13%,18,England (Premier League)
78016342,Sebastián Coates - Uruguayan,Sebastián Coates,URU,58,Sporting CP - Liga Portugal Betclic,Sporting CP,Liga Portugal Betclic,D (C),Right,33,"1,96 m",92 kg,€1.883.000 p/a,30/6/2024,154,158,48,0,4.26,2,4,"5,20","0,04","0,08",-,-,-,-,-,13,42,13,0,"11,3km","0,19","0,70","0,40","0,74","1,94",78%,72%,0,94%,"3,93","0,30","0,00",-,"0,13","0,11","1,99",18%,4%,4,Portugal (Liga Portugal Betclic)
85136376,Nicolas Pépé - Ivorian,Nicolas Pépé,CIV,42,Trabzonspor - Spor Toto Süper Lig,Trabzonspor,Spor Toto Süper Lig,AM (RL),Left,29,"1,83 m",73 kg,€4.187.000 p/a,30/6/2024,138,159,20 (5),5,1.543,7,6,"5,27","0,41","0,35",-,-,-,-,-,36,12,0,0,"12,6km","0,06","0,00","0,41","0,47","2,22",17%,85%,0,83%,"3,15","2,04","0,47",16%,"0,23","3,67","16,10",47%,19%,12,Türkiye (Spor Toto Süper Lig)
70097314,Uğurcan Çakır - Turkish,Uğurcan Çakır,TUR,30,Trabzonspor - Spor Toto Süper Lig,Trabzonspor,Spor Toto Süper Lig,GK,Right,28,"1,91 m",78 kg,€1.217.000 p/a,30/6/2027,142,150,35,0,3.15,0,0,"0,00",-,-,30,13,77%,90%,0%,20,0,0,0,"6,4km","0,00","0,00",-,"5,43",-,-,0%,0,81%,"0,00",-,-,-,-,-,"6,17",-,-,1,Türkiye (Spor Toto Süper Lig)
28108035,Reece James - English,Reece James,ENG,21,Chelsea - Premier League,Chelsea,Premier League,"D (RC), WB (R)",Right,24,"1,79 m",91 kg,€15.161.000 p/a,30/6/2028,163,170,33,0,2.924,0,3,"2,26",-,"0,09",-,-,-,-,-,37,48,7,0,"12,6km","0,15","0,46","0,46","0,86","2,43",68%,67%,0,88%,"6,59","0,92","0,68",9%,"0,25","2,25","11,73",11%,-,24,England (Premier League)
37024470,Memphis Depay - Dutch,Memphis Depay,NED,95,Atlético de Madrid - LALIGA EA SPORTS,Atlético de Madrid,LALIGA EA SPORTS,"AM (LC), ST (C)",Right,30,"1,76 m",78 kg,€9.615.000 p/a,30/6/2027,157,161,21 (23),23,2.316,14,0,"16,83","0,54",-,-,-,-,-,-,47,23,0,0,"11,7km","0,00","0,00","0,23","0,19","1,17",21%,91%,0,85%,"0,93","1,09","0,39",20%,"0,08","1,63","17,49",51%,11%,9,Spain (LaLiga)
8502440,Edin Džeko - Bosnian,Edin Džeko,BIH,137,Fenerbahçe - Spor Toto Süper Lig,Fenerbahçe,Spor Toto Süper Lig,ST (C),Either,38,"1,93 m",92 kg,€5.250.000 p/a,30/6/2025,141,168,38 (5),5,2.619,14,4,"13,36","0,48","0,14",-,-,-,-,-,66,25,3,0,"12,1km","0,03","0,07","0,07","0,79","1,17",55%,61%,0,85%,"0,82","0,76","0,00",-,"0,27","1,00","12,34",48%,14%,9,Türkiye (Spor Toto Süper Lig)
23127918,Mehdi Taremi - Iranian,Mehdi Taremi,IRN,81,Porto - Liga Portugal Betclic,Porto,Liga Portugal Betclic,"AM (C), ST (C)",Right,31,"1,87 m",82 kg,€1.950.000 p/a,30/6/2024,154,156,32,0,2.45,19,6,"17,53","0,70","0,22",-,-,-,-,-,70,53,6,0,"12,0km","0,00","0,04","0,15","0,26","1,07",41%,71%,0,87%,"0,81","0,70","0,04",10%,"0,18","1,43","10,69",54%,13%,9,Portugal (Liga Portugal Betclic)
43298481,Sandro Tonali - Italian,Sandro Tonali,ITA,18,Newcastle - Premier League,Newcastle,Premier League,"DM, M (C)",Right,24,"1,81 m",80 kg,€8.035.000 p/a,30/6/2028,161,171,11,0,923,1,1,"1,03","0,10","0,10",-,-,-,-,-,16,15,4,0,"13,0km","0,00","0,10","0,49","0,59","1,85",43%,85%,0,88%,"3,22","0,78","0,00",-,"0,20","1,56","12,19",50%,13%,-,England (Premier League)
19340940,Pepê - Brazilian,Pepê,BRA,0,Porto - Liga Portugal Betclic,Porto,Liga Portugal Betclic,"D/WB (R), M/AM (RL)",Right,27,"1,75 m",69 kg,€1.651.000 p/a,30/6/2027,150,157,33 (6),6,3.022,9,7,"5,52","0,27","0,21",-,-,-,-,-,49,24,1,0,"13,2km","0,03","0,15","0,51","0,83","2,53",22%,77%,0,82%,"5,06","1,19","0,54",18%,"0,57","3,22","11,08",48%,20%,11,Portugal (Liga Portugal Betclic)
78005742,Edinson Cavani - Uruguayan,Edinson Cavani,URU,141,Boca Juniors - Liga Profesional de Fútbol,Boca Juniors,Liga Profesional de Fútbol,ST (C),Right,37,"1,84 m",71 kg,€2.253.000 p/a,31/12/2025,134,174,20 (5),5,1.461,9,5,"10,00","0,55","0,31",-,-,-,-,-,38,15,2,0,"12,0km","0,00","0,25","0,31","0,55","0,99",41%,85%,0,86%,"0,74","2,59","0,55",-,-,"0,92","15,52",57%,16%,7,Argentina (Liga Profesional de Fútbol)
67269484,Samuel Chukwueze - Nigerian,Samuel Chukwueze,NGA,39,Milan - Serie A TIM,Milan,Serie A TIM,"M (R), AM (RL)",Left Only,25,"1,72 m",70 kg,€5.130.000 p/a,30/6/2028,149,157,15 (11),11,1.62,3,1,"4,41","0,17","0,06",-,-,-,-,-,34,18,0,0,"12,7km","0,06","0,00","0,17","0,39","2,17",36%,84%,0,86%,"3,11","1,39","0,17",5%,-,"3,78","19,11",40%,7%,15,Italy (Serie A)
85051578,Sébastien Haller - Ivorian,Sébastien Haller,CIV,28,Dortmund - Bundesliga,Dortmund,Bundesliga,ST (C),Right,29,"1,90 m",82 kg,€9.973.000 p/a,30/6/2026,150,152,33 (5),5,2.949,18,2,"16,25","0,55","0,06",-,-,-,-,-,64,40,1,0,"12,1km","0,00","0,03","0,24","0,43","1,13",60%,70%,0,88%,"0,58","0,55","0,09",15%,"0,15","0,92","18,40",55%,14%,9,Germany (Bundesliga)
24025298,Dominik Livaković - Croatian,Dominik Livaković,CRO,50,Fenerbahçe - Spor Toto Süper Lig,Fenerbahçe,Spor Toto Süper Lig,GK,Right,29,"1,87 m",79 kg,€2.000.000 p/a,30/6/2028,151,151,48,0,4.295,0,0,"0,00",-,-,38,23,77%,89%,60%,26,0,0,0,"5,7km","0,00","0,00",-,"0,98",-,-,60%,2,86%,"0,00",-,-,-,-,-,"5,03",-,-,40,Türkiye (Spor Toto Süper Lig)
14186894,Juan Foyth - Argentinian,Juan Foyth,ARG,25,Villarreal - LALIGA EA SPORTS,Villarreal,LALIGA EA SPORTS,"D (RC), DM",Right,26,"1,87 m",69 kg,€3.644.000 p/a,30/6/2028,146,157,46 (1),1,4.061,2,5,"3,03","0,04","0,11",-,-,-,-,-,46,62,9,1,"12,5km","0,11","0,31","0,47","0,71","3,06",71%,75%,0,90%,"7,31","0,64","0,02",1%,"0,13","1,95","10,79",22%,7%,8,Spain (LaLiga)
14004589,Nicolás Otamendi - Argentinian,Nicolás Otamendi,ARG,106,Benfica - Liga Portugal Betclic,Benfica,Liga Portugal Betclic,D (C),Right,36,"1,83 m",79 kg,€3.510.000 p/a,30/6/2025,148,159,37,0,3.326,1,0,"1,54","0,03",-,-,-,-,-,-,12,37,17,0,"11,7km","0,24","0,41","0,65","0,97","2,16",73%,75%,0,93%,"4,82","0,27","0,08",33%,"0,11","0,30","2,60",25%,13%,30,Portugal (Liga Portugal Betclic)